surprise,suspense,curiosity,clickbait,gibberish,Text,id
0.9103,0.903,0.9014,0.0624,0.0163,~~ ym oN eae  * . Quiaressorti  le matos ? &,6834420537545084166
0.3614,0.5454,0.594,0.3079,0.0258,oh TikTok  2 @davosklosters,6855731886438763781
0.9318,0.9214,0.936,0.4888,0.0625,"Tu viens, on s’envole ?",6860766213992090886
0.2842,0.4974,0.3471,0.204,0.1185,Fa,6869621825035357441
0.7828,0.8069,0.9424,0.0583,0.0364,Have you ever danced in the mountains? @,6874890977631390978
0.5259,0.8257,0.8972,0.0249,0.0245,Avec quels potes tu aimerais venir cet hiver ?,6875699019520298242
0.7187,0.5852,0.5898,0.3722,0.0213,QUAND TES POTES T'APPELLENT POUR PREMDRE L’APERO,6880117942432959746
0.4987,0.3648,0.2019,0.04,0.005,(J  ~ =] ise} ov Oo = = Pass],6883876793380572417
0.2242,0.3731,0.2448,0.111,0.0398,thenc  4 1,6885984385670122753
0.3188,0.2581,0.2927,0.0821,0.2149,co co cn can  Ce bruit &,6886076315288554754
0.8044,0.667,0.8528,0.3833,0.2224,Qui a trop hate de skier ?,6891319697220898050
0.3933,0.5954,0.469,0.1919,0.1282,SF,6891645296233794817
0.9294,0.976,0.7986,0.888,0.8231,Ca croustille sous les chaussures @®,6894530886105042178
0.2652,0.3948,0.2727,0.0748,0.057,~  DS f,6895292772857826562
0.8628,0.3557,0.6793,0.9166,0.8368,Challengey Forfaits’a gagrer!  a  od a(t  ™  . 3 1 §,6895747396404284674
0.9393,0.9552,0.9641,0.3518,0.0518,Ervie caller a la monkene est hiver?,6896055761982639362
0.7641,0.7864,0.5851,0.307,0.0061,a aie a  e a ‘” La glace s’installe  on,6896455617523813633
0.347,0.2854,0.0198,0.002,0.0015,i  f Snowshoeing at its finest3&  c 'y,6904609211431357698
0.271,0.4436,0.1932,0.0828,0.0287,‘ARLEERG,6919824999914245381
0.1827,0.4951,0.4939,0.2116,0.0654,ch TikTok  @notanitboy_  fe,6921604099553119494
0.8259,0.8128,0.8841,0.2405,0.0415,Quand on nous demande s’il a  beaucoup neigé @  4,6922868220890254597
0.6887,0.5957,0.5584,0.0116,0.0015,"Covid ou pas, ily a toujours un snowpark a Avoriaz! $3",6936835146301672709
0.5193,0.1303,0.3065,0.0551,0.0809,"r- F ""  Nee a - t . 7] 1% What | mean whenlsay  _-  /livein Megeéve ; at",6944298636553604358
0.2988,0.5115,0.3342,0.0337,0.0533,AREBERG,6952049416425590022
0.2115,0.1684,0.1439,0.0104,0.0078,a C] 3 g a 2 oI :,6955364241213771014
0.8004,0.8179,0.144,0.0071,0.0462,1 iN y __1-.Wie else can't wait for'these  isesry,6958797242429934854
0.6211,0.3717,0.2653,0.0172,0.0059,"nd —~ - ‘ , we -a- ~ . a 7 Sess | | —_ — Sees — .  i = ~ —S _ = -~ — — EEE",6972416280762649861
0.9859,0.6347,0.8628,0.4883,0.0607,a)  a OU | wow Maal va .,6982843678305897734
0.1703,0.5054,0.2708,0.0155,0.0039,"‘ re, 4 z The F&hch mountain resort",7011522309198515462
0.2478,0.4787,0.3132,0.0778,0.039,ae,7014030961486630149
0.7732,0.6656,0.7355,0.6194,0.2172,eT oh titok “| @girlinbasei,7018111226760776966
0.869,0.7974,0.9417,0.4904,0.1691,""" WINTER WHERE ARE “ob 1 you? . ry a i .",7019307301299424518
0.214,0.1636,0.0942,0.0007,0.0004,Plus beau métier du,7022178037378731270
0.895,0.9487,0.9666,0.5378,0.3575,QUI VIENT SKIER ?,7026774067223055621
0.4393,0.1564,0.1398,0.0323,0.0405,"nt — . ——— i, ¢ a es",7037532518978964741
0.2178,0.5674,0.0785,0.0139,0.0158,snow kingdom,7038189746484563205
0.2034,0.4076,0.3146,0.0265,0.0225,> el,7038707297396198661
0.5465,0.6906,0.2801,0.6874,0.5352,BACKFLIP &,7039252769894616326
0.5566,0.2708,0.1808,0.1118,0.0078,EXPECTATIVA,7041160388334980357
0.3914,0.5122,0.3778,0.1733,0.0509,Saad,7041603482742230278
0.4387,0.2121,0.2211,0.0253,0.0154,- n lw Ly Ee an a a al n Zz w >  ¥,7044982077288189190
0.2071,0.4125,0.1678,0.0068,0.0015,"HOW TO SKILIKEA 4,",7045558641969073414
0.146,0.077,0.1457,0.0066,0.0009,cammentaire de  ronselen  I'm in Val thorens right now it is beautiful but I hope it’s going to snow tomorrow 23.23,7049689395460312326
0.6656,0.668,0.4756,0.1201,0.0431,Nothing can beat this feeling:,7050043192732912901
0.4716,0.0875,0.8827,0.0324,0.0463,WHAT IS YOUR J FAVORITE ACTIVITY IN  WINTER? bee,7054948838716493061
0.9652,0.5493,0.9458,0.0221,0.0716,éQuién sabe como se llama esta pista? ® 4,7054964457310539013
0.8876,0.9066,0.8731,0.0067,0.0005,"IT CAN'T BE MORE  IMPRESSIVE THAN THIS, RIGHT? |",7055321327174946054
0.0154,0.0289,0.0043,0.0003,0.0003,Nuestro mejor ayudante,7057221943623306501
0.526,0.1359,0.2108,0.0333,0.0595,THERE ANYTHING ETHER THANL.,7057560274424958214
0.0941,0.4036,0.0295,0.0012,0.0023,THAT'S HOW WE SKI,7059414649581604102
0.1572,0.3209,0.2014,0.0289,0.0069,FCudmtostanosicrecistq Uc),7060513660975844614
0.4294,0.3502,0.2321,0.0119,0.003,son TIER:  os a 4} LU O ey,7060887870688529670
0.2724,0.3924,0.2714,0.0503,0.0071,STANTONAM ae:,7062023531764256006
0.4029,0.3426,0.2708,0.0405,0.0036,"te 78  v >, a 3 ° ~ oO > 1  TH",7062740749992971526
0.011,0.0121,0.0272,0.0013,0.0002,WEATHER  FORECAST LOOKS PERFECT!!!,7063459529668742406
0.1259,0.6599,0.5699,0.2454,0.0046,Comparte este video a la persona con la que te gustaria ir en motajde,7063505399307144454
0.93,0.9077,0.4467,0.8479,0.0362,"-=, POV: TE DESPIERTAS: _ "" con LAS PISTAS;RECIEN ast NEVADAS Y-VASA ~*~ Fa ESQUIAR CON,TUS AMIGOS"" +.” ~  7 a = tye . . e ~ - * -— a 4 . . . : , . 4 vo ate o > ‘ - ”",7064977105032858885
0.9302,0.7734,0.9409,0.2471,0.0355,"Wer sagt, dass man Ski fiir den Bugellift braucht? os",7067569943449046278
0.8094,0.4734,0.6051,0.1672,0.1254,Lo que no se ve detras de las cdémaras &,7067623396279930117
0.6722,0.3438,0.8027,0.1348,0.0129,éReconocéislel telesilla? wit,7067985901011373317
0.8857,0.9682,0.955,0.1017,0.2971,Qui a déja disparu sous la neige ?&,7068298283386506502
0.2839,0.2717,0.4063,0.1059,0.0741,What | think I Took. like.  me,7068640088774741254
0.2693,0.4312,0.2867,0.0623,0.0069,Skier sur la glace ®@,7068682786437139718
0.75,0.8874,0.9317,0.1012,0.3626,éCon quién irfas de fiesta al Abarset?& +,7068731699701484806
0.2693,0.268,0.1946,0.0581,0.0255,ANS  —  AY,7069326966159084806
0.9993,0.9668,0.9273,0.0015,0.0002,& incroyable de faire ca,7069799098576112901
0.2028,0.604,0.0808,0.0395,0.055,THOUGHTS.WHILE SKIING Sell A,7070550742880292101
0.387,0.6,0.4581,0.1239,0.0127,Asi nos hemos,7070907935722917126
0.9587,0.5928,0.2271,0.0445,0.0006,Asi son las fiestas en el Abarset®  “ 4 ' >. ‘eae! - ad,7071272326746230021
0.4701,0.5204,0.4151,0.2546,0.0267,Alli so: Schaffsch du au,7071272731286834437
0.4504,0.6033,0.3719,0.0083,0.0028,Hoy hemes chisirutade ce lalnev.acl aes,7072060893818899717
0.3879,0.4254,0.3057,0.0309,0.008,Z Apreveditames ta  an a ae.,7072415750589254918
0.2291,0.8572,0.4434,0.0121,0.0078,Wait for it,7073146702995279110
0.5923,0.174,0.3096,0.0048,0.0102,Paradise doesn't have to be  tropical ...,7073510812542913798
0.6882,0.8312,0.8374,0.3602,0.0103,Ready for take off?  yg  ra,7073916316566031622
0.7634,0.8356,0.6051,0.2168,0.0924,WINTER IS NOT‘OVER YET...,7075005822228499717
0.1601,0.4038,0.3098,0.7763,0.1049,aconochis este luger per,7076502785742720261
0.6235,0.3593,0.8604,0.1065,0.162,What the party looks like in Val Tho ?  TE  —_,7078325137698770181
0.3587,0.4254,0.3648,0.4096,0.153,No siempre sale bien...B  ¥,7078352231413697797
0.3525,0.7326,0.6033,0.0753,0.0019,para que tu foto en la estatua de l'Aliga sea top,7079418950315969798
0.8733,0.7949,0.8822,0.7531,0.3035,a  Nuestra cara cada vez que vemos a alguien esquiando sin casco,7080535307816291589
0.4017,0.3873,0.3279,0.0692,0.0198,= ¢,7080545682058169605
0.3563,0.0495,0.009,0.0027,0.002,recondce srectatn sts),7080583186522098949
0.335,0.4102,0.1555,0.0296,0.0047,Las  | anna; auia £ ees) ‘Man,7080915608727997701
0.7727,0.8896,0.9459,0.0278,0.0211,2A qué velocidad creéis  que Ilegan en las Finales  de la Copa del Mundo de Kilémetro lanzado?,7081276473687985413
0.3403,0.3441,0.3219,0.2917,0.0392,¥  if -,7081323710442917125
0.2471,0.5643,0.3625,0.1772,0.1433,3 days ago:,7081711774084484358
0.1338,0.2777,0.1898,0.0588,0.0178,[NKO) [PANY,7082037036730813701
0.6305,0.7198,0.7303,0.1104,0.0122,éTe imaginas ser el primero en estrenar la pista?,7082815811529805062
0.8083,0.6784,0.9615,0.042,0.0256,2A qué temperatura creéis que estaban?,7083159832185933061
0.9738,0.9454,0.9008,0.7974,0.0396,"POV: Es tu primer dia,des de.  ski y tus amigos te llevan por una roja",7083526112558517510
0.2303,0.4429,0.2823,0.0233,0.0085,StAnton®  ‘ARLBERG,7084890005491010821
0.4286,0.6653,0.1597,0.0066,0.0029,ref  Os voy a ensefiar la raz6én  uvonnso Y¢ Mee,7085367737178000646
0.1162,0.2331,0.1946,0.01,0.0062,: md {{ ED Giagoe> sam,7085404371671846150
0.7399,0.774,0.8297,0.1047,0.0037,Asi es como se ven tas pistas desde el aire ~~,7086111451965869317
0.6307,0.5958,0.5749,0.2255,0.0718,@uiien fra sido...,7086144769222511877
0.4517,0.8372,0.5572,0.1215,0.0161,"Quedan 4 dias, Sara",7086527236471311622
0.5756,0.7937,0.4654,0.4533,0.0337,"\ Queda 1 Ja. atabai,  la temporada...",7087592356664315141
0.9906,0.1773,0.1185,0.0004,0.0003,|  GRACIAS A TODOS POR —== ESTA INCREIBLE TEMPORADA ~~,7087984641864502534
0.9038,0.883,0.5473,0.6446,0.0349,VAS YYYYYY !!!,7093581650163944709
0.8963,0.8174,0.7913,0.6639,0.0125,"emy  n  Oe BER OEY hots -_ ce  Amei  i  ; Th cazieore, - Sis OE  C2  loXich birt eh auf, fiderung in I  hig",7093894381794512133
0.8317,0.9152,0.8094,0.2697,0.0097,Quand t’es chaud de sortir ® a,7095777172513721605
0.2309,0.4548,0.3096,0.0601,0.0229,[O} davosklosters,7101685930276293894
0.6257,0.4943,0.346,0.242,0.0728,pew eee”  ce oe,7103816728982916357
0.4098,0.3989,0.2792,0.0519,0.007,ee W4 y  rae ay ;,7108997263912979717
0.9608,0.8361,0.9341,0.2354,0.1135,g)  Y a encore de la neige???2!!  Un tout p’tit peu @,7111379317900332293
0.0139,0.0062,0.0046,0.0036,0.0007,Ny mie VaR eigen” 9B  1 N . 4% . ee een  at fi Os ah  CC ip a  as  a XPECTATION,7114705253899029765
0.4554,0.5025,0.4988,0.1227,0.1959,Slip & slide,7120944943270530309
0.8705,0.7318,0.7416,0.7847,0.1999,TA ae wa CHUTE,7122480993948159238
0.0628,0.365,0.3134,0.0017,0.0006,By est ce que ily a des pistes plus dure genre noir avec des racinnes dans le raid  7 Ss .~ Yes: par‘exemple la piste “noire « Coupe de “France» *  Rte .,7123931386964184326
0.6626,0.6968,0.6167,0.0042,0.0344,# On a entendu un bruit  derriére les rochers...,7125076892729756933
0.0012,0.0655,0.0293,0.0004,0.0003,TOP 8 des lieux incontournables a CRANS-MONTANA,7128353863966444806
0.6906,0.5598,0.3143,0.3315,0.0684,a  ae ~~ a -  Please buckle your seatbealts...,7130620750842678533
0.3651,0.4927,0.4039,0.204,0.0853,noi  Dy,7138043316087606533
0.42,0.1229,0.1608,0.0064,0.0016,te de  ate  i (> OF = — (7) © =) ~~ > O (a  ra  vr  \  ~S  retourner skier %  >,7141029212244233478
0.7007,0.3631,0.3023,0.0628,0.0129,te de  a  24 £ GO ow”  Ww) Oo 5 a co - 0 oO O ov  —  J,7142874586755976454
0.369,0.5528,0.2833,0.0036,0.0046,"Le fantasme de tout  skieur? Vivre dans un village 7 entierement skiable, ,  = toutes les rues. _—  Zr ie a ou he. telesiege. Tu  a are deri: a Bem ent tu met_—— Be ae  _aaidirettdiesyskistu vast  boulanger eniski, tu vasw a l’école enski,tu vas au™ 4, /‘resto en ski...’ és  Sy thy j . 4",7146624079615790341
0.4746,0.5719,0.4833,0.0081,0.0029,Zursam Arlbefentoxenioy4  the goldenfautumn,7148719596487363845
0.3523,0.1247,0.0837,0.0052,0.0026,& ‘) o > ire] c fe) w a) v w  2  =  =)  déo de ta  derniére vi,7150676745937587462
0.6841,0.5621,0.4224,0.0319,0.0035,POV: Realizing how small we are in this big world,7153997940774882565
0.5209,0.8316,0.4867,0.0107,0.0051,a  Herbst Stimmung,7155814731897376006
0.0329,0.0089,0.201,0.0006,0.0001,5 idées d'activités a faire en automne  m ° Crans-Montana,7156562442829466886
,,,,,3,7156608613346184454
0.4861,0.5403,0.3103,0.0217,0.0045,4 -.  Be  e SHY You WERE HERE,7156881114106170630
0.3751,0.7919,0.9139,0.0082,0.0649,What’s your ski resort of choice ?,7158057918431120645
0.4059,0.1443,0.3394,0.0192,0.0112,autumn in St. Anton am Arlberg can look like this  a. nt Jae,7158447069152300293
0.8143,0.7867,0.8338,0.0657,0.1369,Why do you like Switzerland so much?,7161354120849427717
0.4496,0.5894,0.4839,0.0629,0.0127,FAL TIGNES  Sunset running,7161523791154236677
0.803,0.7288,0.7345,0.1525,0.0976,Wiiet can beat this parisction ? <,7161744414979771653
0.818,0.8353,0.5851,0.6993,0.7426,aL cammentaire de  thiblemin Elle est ou la neiges cette année,7162123924233358598
0.5437,0.3449,0.6725,0.1033,0.0077,") .  yf ay,  © hneity",7162183685423385862
0.8696,0.7009,0.8949,0.0697,0.0183,AARADIGE DOESNT RAVE TO BE TROPICAL  Do You Agra?,7163552631053503749
0.6589,0.5327,0.5489,0.2725,0.0722,—— ——  Lo ———,7166637213604678917
0.6188,0.6324,0.4662,0.1102,0.0391,24Ah.d’écart,7167292362857794821
0.1525,0.3137,0.1458,0.4425,0.0066,"438 @Alkz hhmin, clepecheitoiljeltiemmenc) & Aveniaz >",7168426884852747526
0.2626,0.3527,0.114,0.4506,0.035,"lechzuers Radical Face - Welcome Home, Son",7169218120916208902
0.3076,0.5305,0.1153,0.0113,0.0036,telesiegermeilleure:  Senessiiioh Svar,7170730138965970181
0.3789,0.6115,0.3105,0.0468,0.0036,Le 3 & 4 décembre  Une ouverture GireNelatesy & Aventerd * lao Sesipitonnaliamont tap,7171408287785782533
0.6578,0.8044,0.6314,0.1513,0.0015,POV : tu participes a un showcase privé a 3200m,7173695147639655686
0.1149,0.3727,0.1958,0.0088,0.0071,"aa,  Festival Etoile Bella Lui  Crans-Montana",7174339271141100806
0.8467,0.2913,0.4869,0.0943,0.0085,oT} Fr} TT) oe Oee “ eee i) Co neoneaney? coceeeceett eee “ eee qe! eee q!,7176199071177215237
0.9799,0.5291,0.7251,0.0094,0.1096,Ce genre de réveil §,7178897418107358469
0.1452,0.0608,0.0481,0.007,0.0035,"Callistues  @ Val tho ont les meilleurs pistes mais la moins bonne ambiance de station  des Vallées  moot “eo , . . . . te - . . : - . . . . > . ’ . NY - - . - : : e - € é o “= e eo. _% e Lad . ° » a . @ «",7180392341839105286
0.8119,0.7329,0.9053,0.4921,0.0342,Vous avez eu quoi comme cadeau a noél ?,7181124364987895046
0.5344,0.5484,0.3416,0.0333,0.0068,<p Sian  = *+,7181547992061676805
0.8128,0.713,0.8369,0.3549,0.0487,"mcr he Lies  POV: Sard cin nous | ‘demande si ona de,la . “om neige",7182978974253944069
0.3784,0.4156,0.4613,0.0168,0.0038,'  _  Catchpthe  ah om  Sd Oulit,7183009043407965445
0.0209,0.0034,0.0058,0.0014,0.0004,Meilleure fagon de célébrer l’année  > avec vous ~~,7183681305203330309
0.4673,0.4244,0.1911,0.0005,0.0003,JUSt awesome,7184090635018784005
0.9761,0.9956,0.233,0.0372,0.0059,Sate ch tae °.  ak  LY: ski Spressavoir| Basse vy ey a oN ‘la journge: avec: Se Nee  NE,7184459390143974662
0.1961,0.1865,0.1779,0.7257,0.0055,"Kitzbuinel tries to | go viral With}this trend ,7",7184844462525287685
0.0914,0.3858,0.1293,0.0016,0.0014,3 lugares de Grandvalira donde hacer tu BeReal.,7186344254921280773
0.2799,0.4065,0.3956,0.1119,0.0916,il,7187436390131453190
0.8601,0.8509,0.4966,0.4705,0.0135,The world’s best downhill skier breaks his hand in training! @,7191012677869702405
0.3394,0.3407,0.2754,0.1282,0.0267,; \-  ae  a,7191515883330669830
0.0551,0.5153,0.1586,0.0034,0.0085,This was my view today,7192709681280781574
0.7953,0.7203,0.781,0.8229,0.8726,GAM YOU GUSEES WHERE,7193034087660031237
0.7552,0.7089,0.5551,0.4114,0.1905,Ce cui Fatiand an descanchnt Ball Lui  -,7193808719287766278
0.6888,0.171,0.1164,0.027,0.0081,% i : af o a = Paper a ae * Mlle - ae .  — Skiing be like...  y,7194484239583284486
0.2744,0.455,0.2835,0.0655,0.075,IR,7195215450970606853
0.75,0.2117,0.5426,0.0177,0.0139,"oe . q ag toe i : eo & « ioe ‘ we “ eo {f. .: a cue aA . ? a . fea, e",7195607365813636357
0.4211,0.8839,0.6464,0.6708,0.2062,a ist das immer in kt so7r@e,7195937456271691014
0.8144,0.5641,0.7995,0.0136,0.0606,é  4 7  The best sound... &  Y ?,7196711667420384517
0.405,0.2945,0.2315,0.0392,0.0116,i | er =m. Yl,7197080264625966341
0.7018,0.8114,0.4264,0.8749,0.8387,POW you have boolkse) nolicky,7197445468585037062
0.8001,0.7015,0.8821,0.3921,0.0451,Cuando tu amigo el que no esquia te dice: gvamos a ‘ esquiar?,7197470706416815365
0.5907,0.5713,0.5319,0.4694,0.0168,~ ¢ On a teats Ia toupio™  wv ~,7197824225988726021
0.5714,0.2192,0.1793,0.2033,0.0064,no  Cc o . a) a) = =) © > *  x ‘,7198189694750838022
0.8895,0.7247,0.4411,0.298,0.0142,"irst  — oY  - =) e) >)  POV  ‘4 ,  rm a hy \  ty",7198831282984324358
0.5577,0.3797,0.1254,0.0139,0.003,"fs gE ey : ON SE ea  Even the best fall down ‘sometimes, but it's all  about getting back up § ' a : and trying again! es  ave SY | alt Tyg",7199586123952311557
0.3373,0.5622,0.0999,0.0119,0.0023,our social media team on the way to produce new content:,7200056336321613062
0.817,0.6914,0.7181,0.8793,0.3869,POV:  CUANDO VAS CON TABLA PERO TE QUEDAS SIN VELOCIDAD...,7201892299112992005
0.7624,0.5621,0.7198,0.1951,0.0365,? KITZBOHEL,7202313398300724485
0.3182,0.6825,0.5338,0.8435,0.0132,POV: you convince your friends to go on a skitrip in Kitzbihel  *,7203048812351327494
0.7234,0.8366,0.8707,0.1596,0.0353,Iwant to put a snowplough newbie on this who can barley ski and see what  happens,7203684040606633222
0.8513,0.6664,0.5529,0.6236,0.1407,a an ! ore  es oe  —-m,7203763760538897669
0.5297,0.6461,0.4291,0.2588,0.0035,_ POV = TU_VEUX _ LAVER TES VITRES A VAL THORENS,7204395621468392709
0.223,0.4085,0.3421,0.0699,0.0229,Ligne 4 ry,7205976379370851589
0.2659,0.5057,0.0852,0.1665,0.0266,ot Oullancturouvnes} laypisteyleymatin,7206682386531110149
0.2596,0.6429,0.7129,0.0209,0.0114,looking ~ at: TikTok account Hiker,7207350500419702022
0.0331,0.0404,0.0079,0.0012,0.0316,CEO EPP Se Pee Wass qa ae eee  Cossttarceneedaced ener aanasaae  jo oreeerer lela a qasaaa4  FATA saan:  i Waqaaasas  1 wey jeer rerene Popreep  pases Aqasaaae SOT Ue eee TaWIAS A BAAS  rreerertnrdennnenr era iattal Vyas oinieietaiolatale PReerr corre pee  WIAA AAAssA-  leverrenedenrepe CR Dal ate aes 7 - : dong aye  WIBSICH LIFT. FABREMANEY,7208566584535764250
0.5452,0.595,0.6151,0.0056,0.0044,MAYBE A BIT MORE OF PIZZA BEFORE THE FRENCH FRIES,7208590550348434694
0.0023,0.0073,0.0393,0.001,0.0013,Eeés‘skieurs normaux pendant une tempéte :,7208933349933452550
0.7379,0.4116,0.5266,0.1007,0.1821,Why RU so...,7209259784263060742
0.905,0.7623,0.7052,0.4684,0.053,POV: you can‘t decide where to spend your,7209925340557348101
0.5535,0.5768,0.6551,0.4902,0.1015,POV QUAND _T'AS  OUBLIE DE GARER TA VOITURE -AU PARKING,7210074063765638406
0.8315,0.7489,0.8244,0.5466,0.045,ite] som Lanowy thar you  Tan fake the cable car up fo thd Hehmantemam  _» Qeety Gidey evening? E  I ~,7210434710646836485
0.6839,0.5105,0.3739,0.2243,0.0101,"ER Me, ‘*” ah ” . yi i"" “ot Uf f Al  jdt  , yaa",7210751695771553030
0.6174,0.726,0.5415,0.2543,0.1243,Flying over the Alps,7211165738957163782
0.7821,0.867,0.3904,0.0394,0.0587,sed  Tomorrowland  ‘ge ‘g,7212344637523283205
0.9416,0.9316,0.9776,0.1367,0.0699,would you dare?,7213655175318211845
0.5439,0.5774,0.3186,0.0234,0.1011,Why are you so obsessed ;,7213795540574735621
0.7218,0.7257,0.4622,0.3748,0.6325,Cet up cantly to go Sing...,7215124561799449861
0.3505,0.7899,0.5121,0.1988,0.0618,Il parait que la derniere vidéo de ta pellicule va avec cette musique,7215252214514715909
0.9626,0.8485,0.0699,0.1988,0.0268,4 4  POV s quand letdiédage.- = Sramne ie = mek em meiisur “ —am NOMEN Maas  a Fa ek,7216365794093976838
0.4706,0.3695,0.4244,0.0131,0.1951,birdsyaama * |,7218493650160897306
0.1826,0.2032,0.068,0.0451,0.002,SSDS A  ite  url  NS  SODIOAAS. Say MOOK  slopes  3  of our favo,7218857185764216069
0.5097,0.4255,0.8129,0.5138,0.3843,Wine mbyoultorgotitysta,7219294434465238298
0.3455,0.7019,0.1926,0.7487,0.0731,You are on hhalicay and nally anfve ta NA Kitzbuhnelae,7220765448000900357
0.3545,0.7007,0.3971,0.3015,0.0812,_—— a  ME PREPARING FOR THE POOL PARTY IN TKENES,7221550036172213509
0.3411,0.6159,0.8764,0.0023,0.0494,What is your favourite?,7221875155184733445
0.4499,0.4079,0.5733,0.0025,0.001,thankyottorah Bar  amazing winters aso 4,7223080468101483781
0.0618,0.9744,0.0268,0.0022,0.0006,THE LAST VIDEO  IN YOUR PHONE IS SUPPOSED TO GO PERFECTLY WITH Ee THIS SONG,7223410372462611738
0.6901,0.4766,0.7365,0.0392,0.0033,": r Iya toujours de la  neige 4 Val Thorens ? Par ce que je vais peut étre partir il faut juste qu’il y ai de ta neige  as 4,  in  +2) c o =",7223430604547837210
0.4304,0.8362,0.4723,0.4413,0.0189,aN — POV: It‘s your last day of skiing in Davos Klosters,7224139299594194203
0.7154,0.9467,0.5842,0.3652,0.1072,irs STILL SNOWING IN TIGNES,7224177146263063835
0.1585,0.2959,0.1343,0.0068,0.0033,iver  th  i pour ce  Merc mémora  ble  Montana  ae § Crans-  -,7224426315074522395
0.3609,0.6507,0.4454,0.2041,0.0492,WS ny are You  always gellrtee : UBLES 2,7225245362678762779
0.2407,0.4754,0.2861,0.0095,0.0069,4K GOFPS,7225296808900152603
0.6786,0.4596,0.2143,0.1925,0.0814,"When yourboss send you on""anfexpedition to create content |  And you end up like this",7225641498249891099
0.3584,0.6917,0.3674,0.2066,0.0304,You are on SUMMMEr holidays in,7226043488738069787
0.5812,0.1689,0.4966,0.1321,0.0297,? gists aw gn 0 ot e 9 ° ’,7226428593075752218
0.1013,0.3913,0.132,0.6039,0.0654,yeu explalia your 3,7227881339125583131
0.4902,0.4796,0.2534,0.0449,0.0175,"‘Ov: ¥. = - béfore the;finish. ¢ L 18? , ae  * ( :  i",7229679892399426842
0.6212,0.6064,0.3909,0.3436,0.4097,WHYDYOU;RETAUWAVSIUBION tos aTHEIMOUNTAINS  ee  ast Bat,7231978849448381722
0.5523,0.6811,0.4665,0.0173,0.0058,LL | - POV: you/open  | the magic door +,7233097610821700890
0.3736,0.6084,0.2878,0.0577,0.2099,Summer in...  KG tzbiihel <,7234782434531839258
0.8364,0.8879,0.5463,0.1888,0.5905,Sb> this you sigh to swim here  a,7236043111128894747
0.377,0.4943,0.727,0.1351,0.0615,Do you mow dts,7236382869650689306
0.4501,0.6393,0.7202,0.4304,0.006,POV: You see Kitzbuhel from above ®,7236760874646637851
0.5853,0.6967,0.5922,0.0115,0.0019,Summer hasn‘t even started yet and you’re already thinking about  skiing again.,7237120496020573467
0.7121,0.6958,0.8788,0.0169,0.0051,Did you know that you can rent a boat at the _»... Schwarzsee?,7237511650532773146
0.0949,0.249,0.088,0.0792,0.0277,Bucketlist,7237872414581935386
0.7384,0.7635,0.7612,0.8307,0.1847,f ‘  POV: you tell your friends that you forgot to book the holiday  _ in Kitzbuhel,7238235896724704538
0.0774,0.1122,0.0379,0.006,0.0008,aR ee aie ed : 50S ~ anti Poaeentapeat teas,7239735340737498395
0.4984,0.9898,0.1929,0.0132,0.0022,MELE More SUNSStS than nati,7239748390974704922
0.6353,0.5174,0.5276,0.0105,0.0134,"_.Italy is nice, but...",7241209133540609307
0.3067,0.1094,0.052,0.0501,0.0073,"a fobs é af i / ' i xf ' , ' tof 7 SA a - Soa - oot £ “4 ‘ , “ Voor » . : ia *",7241878874672385306
0.3923,0.2442,0.2054,0.1128,0.0061,"50 va  —_ CC eo wf fa £35 5S. FS. Pm ok - ae Be os mo Sc eC, es so",7242237385772240155
0.1098,0.3432,0.0181,0.0008,0.0007,Themnost legendary city,7242348894435167514
0.3739,0.2265,0.0305,0.0292,0.0096,ks things to doh  hy i ee Nii b = | > Aateet ; - pect =  Aye Lagt - =,7242719682128530714
0.735,0.3384,0.2239,0.0817,0.0191,"a e7 x , mae pe meee 2 > 4 5 1 ~ ed a o_ : - bh f “\S = prammemes RE EG o-- « o ° otos “ my as dead vee ot ! - RT) ? < ’ i ”“* , = . sate ™ XP) Fine} wy v so]  Soorima™} @ wo - SS. - any ~~. 1?  a i a 2 eel  un &€  ol 6 ¥.  Lee pee a rae ey |  v ‘ ete vq. ,  — —",7245182525016935707
0.2725,0.4463,0.373,0.0338,0.0685,Hahnenkamm %,7248301740670323995
0.7801,0.545,0.3655,0.3497,0.0225,a im ~  aa!  .  qwrat  aury RGY  we  cs  5 a  ee on  En route pour 1000km,7249312172956732698
0.5419,0.7325,0.2865,0.0159,0.0069,aujourd'hui a Megéve ae Sr:,7251996103178997018
0.6859,0.6918,0.7335,0.0056,0.0017,"Texto du jour : ""Tu viens avec moi demain a 5h du matin ~ pour voir le lever de soleil face",7252271385467161882
0.9503,0.6577,0.8838,0.0015,0.0013,mystical » 7  Schwarzsee,7252685251112176922
0.2307,0.0242,0.0341,0.0029,0.0034,ae  a  ete Uwe ~ Pg 23 .  THIS RIGHT=_  oa — | ill  ’ : ‘ Lg  iin ease,7253425216984976667
0.521,0.7093,0.5707,0.6572,0.1036,POV: you're onfsummer,7254561581449612571
0.6346,0.2645,0.2325,0.1234,0.1799,Pov: a backflip alone isn’t ' . hard enough Po ] ~,7254929536557567259
0.6253,0.4007,0.8048,0.0036,0.001,Quand tu cherche le eye contact en toute circonstance © ©  te),7255981234374069530
0.444,0.7372,0.1663,0.0863,0.0416,hitting ssason is on,7256066819247623450
0.2125,0.2517,0.0974,0.0882,0.0159,y Parade ---  @.  =  Harle,7256464845132827931
0.6492,0.7344,0.6553,0.1842,0.0024,POV:  You catch an amazing sundowner @,7257040734174465307
0.4596,0.658,0.6057,0.4285,0.0706,POV: you stop at the huts  s,7257181704241024282
0.5175,0.53,0.2112,0.7494,0.2574,Bucketlist Kaw.  if,7258676118033599771
0.2922,0.4717,0.3612,0.0895,0.1421,456 >,7259698322791795995
0.8197,0.2224,0.7,0.023,0.0103,aa ee  7 2] :  -  ca ax?  Bienvenue,7260104911830945051
0.2223,0.5828,0.3276,0.0058,0.0072,Arlberg Giro 2025,7261499359819336986
0.7357,0.8536,0.4643,0.4501,0.0106,SS aCe  !  “Ker,7261564389075995930
0.5241,0.5896,0.3044,0.0032,0.0031,Magic light ‘+ over Kitzbtihel,7262342975752113441
0.0589,0.1031,0.3797,0.01,0.0111,What | see vs,7262465807949647136
0.2273,0.603,0.2469,0.0045,0.0388,Patrouille de France 8,7262807521008635168
0.6126,0.4425,0.5548,0.5032,0.0083,"oS CapCut  When you know the  Bvekoptndgpphins, ahs “5g YOU; re: “gonna get...  — TSyith the CIMALP™ if se oS TIGNES TRAIL ©  SS 4 FF",7263460179461688609
0.5515,0.5901,0.6615,0.2986,0.0541,Would yougtasterit SP,7263464155540147489
0.5353,0.8699,0.451,0.2542,0.0086,r ™:  u're pretty fast’ $  th,7264173669612670240
0.3611,0.2937,0.1717,0.8443,0.9376,This titer melss,7264519435086466336
0.5556,0.5535,0.4811,0.1331,0.0264,~  tae a  ee,7264958192017362208
0.5617,0.7349,0.6721,0.0934,0.0214,When you see snow in august in Tignes,7265242959048723745
0.4242,0.3357,0.2544,0.1477,0.3898,GF « ~  ) Nobody. Our lake in august |  ri oy  People in pedal boats.  9 e e,7265677943228075296
0.5397,0.5233,0.3846,0.5814,0.1425,HAT ‘ TR  er,7269759073967525153
0.3096,0.4581,0.3375,0.1124,0.0863,ra,7270778269899722016
0.8039,0.9192,0.6985,0.9482,0.9014,Pov: toi et ton pote en route pour mettre le feu au bar ¢s,7270891504346942753
0.6105,0.7923,0.5512,0.0557,0.0218,"Me after seeing the snow August 28, 2023",7272402191233584417
0.3096,0.4581,0.3375,0.1124,0.0863,ra,7276041559500475680
0.3934,0.5925,0.3129,0.0637,0.0381,Summer in,7279032970286009632
0.016,0.4465,0.0775,0.015,0.0024,Must,7280108212878200096
0.0185,0.0122,0.0023,0.0012,0.0044,This was KITZ Kulinarik '@,7280571511138782496
0.1749,0.1095,0.3593,0.0049,0.0089,Hiking stereo types,7281651537124871456
0.6263,0.5042,0.4672,0.2133,0.1967,When SOMESOMS 28K YoU how orien you go hilthigs,7283139399582240032
0.2478,0.4787,0.3132,0.0778,0.039,ae,7284876929713442080
0.0863,0.1548,0.1368,0.0014,0.0008,enjoy the -@ autumn ’*. days at the Schwarzsee,7285256841158790433
0.1514,0.3958,0.1022,0.7387,0.2962,Peasons for am UU,7285720218360368417
0.3865,0.4508,0.2799,0.7598,0.0867,"BAC. ‘A Som,  w  v",7286486663910542625
0.7513,0.8187,0.7152,0.7819,0.0647,POV: You're obsessed of hiking © =  >) ‘ d  ra SCCreTEVERTESS ETRE EE EES ; oT -,7286488221893020960
0.3297,0.0042,0.0429,0.001,0.0027,a» fa FELIZ DIA DE LA SONRISA &  /,7286830586478578976
0.6724,0.4867,0.4366,0.7984,0.1525,"= ~~ b o —— - - go ip Pov: the Streets are = slopes 3%.  , , > re",7288261263757446433
0.348,0.5021,0.3629,0.3878,0.0451,KITZBUt,7289368885390806304
0.2187,0.2339,0.0486,0.0452,0.0019,".  _ THISIS YOUR SIGN TO” ""_§PEND AUTUMN IN m1. ,DAVOSKLOSTERS *  an 2  qa",7289470545270279456
0.8845,0.6967,0.6748,0.5988,0.108,"- Who has to go with Your,  aye  “EL “7. ‘t  ot ey - ei! q as",7289785625367153952
0.7539,0.7871,0.8556,0.0821,0.1484,Summer?,7290457107726339360
0.4585,0.3749,0.6618,0.0038,0.004,Une rando au lever du  soleil,7290823677195603233
0.8623,0.8766,0.9135,0.2331,0.0524,"""Who's gonna be your 3 first kiss this winter ?” f CP",7290947930108857633
0.5922,0.8251,0.876,0.0131,0.053,"ee . 4 a 2 Which dish would you  choose? &  Kitz Kulinarik x Piemont  , >  ' ‘  ce ah | A» @&",7290955653349133600
0.8928,0.9111,0.8743,0.3483,0.1634,mhlowimanyicday Stare) you plhuniiig to dd this year?,7291678102948810016
0.5056,0.5344,0.7746,0.7128,0.0293,POV: You show your friends where you'll spend your winter holidays,7293176268361665824
0.6825,0.6777,0.7935,0.086,0.0188,fy You have already snow there? if you  (* wack Heabtey urtonent geen |  ra iniieen Sou yaeder |,7293541624359996704
0.236,0.3034,0.3509,0.0983,0.0042,Goodjmorning -®@:,7294149539781463328
0.5587,0.8751,0.9429,0.0344,0.0152,Are you ready ?,7294284376454532384
0.5815,0.8848,0.3736,0.6727,0.8895,Wetting tor ine Skifseasombellike:,7294901504752782625
0.7821,0.7021,0.6557,0.0033,0.0155,Quand tu vois ga c'est que ¢a va étre trés bon D,7295785443528920352
0.158,0.0034,0.0708,0.0066,0.0028,"\f  Our T'S""AN EASY""  ‘OLLOW  0 ""PWOR  « DON o  nt  RY: IE  ~  as  = Ou  a) zy cf  POV Y'  Ade",7296075013734616353
0.4075,0.5166,0.3829,0.01,0.0109,Miss this feeling >>>,7296154996683410720
0.4489,0.5474,0.2103,0.0991,0.4364,"Ri, et etn teat = Girieinds denser sur les teableg,  ose  ages a : Sn",7296417264591441185
0.404,0.5023,0.2628,0.0115,0.0674,Tombée de neige,7297177472615861536
0.0343,0.0287,0.0303,0.0016,0.0017,"11°/-2°  | ch 0,91  DOnntaG Montag |  ady yd  7 ody a is. of 2 Aya",7297529063785123104
0.463,0.7435,0.273,0.5254,0.0692,POV: You show everyone what you going to do this winter,7299732621825690912
0.3608,0.5923,0.495,0.0564,0.0272,; Sintersbacher waterfall  as,7301229129314159904
0.314,0.3907,0.279,0.1781,0.0109,"&.. . ny , , -* roy",7302041138670619936
0.4725,0.3856,0.3756,0.035,0.0093,ay ee  ul  Z,7302346370701118752
0.2331,0.4591,0.1712,0.0243,0.0043,Val Thorens *+ AUTOURD’HUL 4+,7304326742255209761
0.6693,0.7606,0.8845,0.0311,0.3339,Your favourite Christmas market foodis...? —,7304376408191683872
0.8949,0.9407,0.7067,0.1048,0.0197,POV : onestle 18 novembre et tu prends ton a premier telesiege de la,7305435593499086112
0.4765,0.2831,0.1059,0.0302,0.0129,Répondre au commentaire de Camille Poignant  Maintenant il ne manque plus que la neige !!,7307282681899896096
0.9005,0.675,0.657,0.379,0.3749,"7,  a  Y AS  skiin al  ?  BS de  (oJ Oh) é)  mh -- b: “  ~  = OO,  mo  Camyou pow",7308758430318071072
,,,,,t,7309091598472727840
0.4439,0.2302,0.1694,0.5624,0.0402,"a  more flake ne from a  -Kitzbithel ; rs ee. . ; . eo . i i ‘ en : \ | 4 po /, oe 78 o', 1 \ , a",7309427596553489696
0.2998,0.7335,0.6894,0.632,0.028,POV: you want to go skiing,7309856299632676129
0.6239,0.8302,0.9611,0.0112,0.01,Do you know this place?,7311263969220644129
0.4349,0.3902,0.3639,0.0858,0.0117,The vibes you get when you are in Kitzbihel ++ 3%,7311663059695570208
0.1817,0.3948,0.307,0.0118,0.0184,ROV: DubistiphilipinischenZirkustArtist,7311689753676533024
0.9277,0.8203,0.9501,0.2978,0.2922,fa  Wo bist du? ;,7312076882822909217
0.938,0.9454,0.9587,0.6382,0.2378,« Tu penses qu’on meurt si on saute du télésiége ici? »,7312851563037330721
0.3915,0.3935,0.5813,0.0111,0.0022,eee  bluebird days in  #stantonamarlberg <3  ee,7314335987033738528
0.2713,0.4275,0.3388,0.211,0.0446,* Kitzbtihel,7316470398261021985
0.3559,0.8869,0.265,0.44,0.0494,POV: You're sick of waiting for your skiing holiday .+,7317664309432077600
0.376,0.3972,0.1871,0.0654,0.0154,AND  With thal,7318832237842156832
0.3392,0.425,0.231,0.0024,0.0043,World's best ski area,7319074307202616609
0.5707,0.3324,0.3128,0.0658,0.009,"oa  »  Coe:  a =, \ =:  GUE ES PA",7319511492888366342
0.6305,0.4836,0.5957,0.207,0.002,POV: Your face if you're not the first at the lift  Letty HN,7319513643534568736
0.2915,0.3463,0.2579,0.0529,0.0145,. bs 5 * ’ at,7319919643378912544
0.002,0.001,0.0005,0.0003,0.0006,a 1  DEFINE FELICIDAD,7322420132649749793
0.3625,0.6316,0.748,0.0063,0.0098,blue bird days in #stantonamarlberg,7322495223089712416
0.402,0.5889,0.4921,0.0712,0.0022,"Auf Davos Klosterss Kommentar antworten  ws, Nachtschlittel- Dating Runde 2?%)",7322847358646078752
0.5669,0.5217,0.3071,0.0089,0.0023,ME SHOWING THE WORLD WHO | LOVE THE MOST  Vo =,7323224822169750816
0.4215,0.7382,0.7009,0.39,0.0606,POV: Your friend wants to ride,7323612868484631840
0.8085,0.8171,0.6132,0.0814,0.0562,CUANDO EL DIA EMPIEZA AST &,7323667240933444896
0.1098,0.7315,0.1842,0.015,0.0027,Preparing for the Hahnenkamm Races,7324283735749266721
0.5043,0.6135,0.5869,0.538,0.1211,"i,’",7324421973612825889
0.3258,0.4832,0.3833,0.7322,0.9087,Kitzbiihel,7324696131143847201
0.3203,0.4519,0.2364,0.1113,0.0398,SSA,7324725007391804705
0.0287,0.425,0.053,0.0983,0.0007,Some - ces 7  - ™ee las satis soucts fel eo G]  Ouicurs au niveau  les)  fishes  oa,7324741085438397729
0.2516,0.3317,0.2938,0.0676,0.0218,3  ns-Montana is  gh,7325049996682759456
0.2045,0.5066,0.3855,0.5649,0.1412,you pele] a lot of monsy for the adi pass just to enjoy the dd hut wibes,7325097832015203617
0.4677,0.3067,0.2284,0.8157,0.4693,FOWs Tw praiites ces pistasan cehers ces vacsness seckkiixas *® j,7325106846744743200
0.8125,0.9624,0.8605,0.3533,0.2075,POV: il est 17h30 et tu regardes par la fenétre,7326857703958105376
0.4171,0.6974,0.5274,0.0482,0.0305,[ WANNA FLY 57,7327710709201014049
0.2589,0.1446,0.1389,0.0083,0.0169,"~ > + ‘ ‘ - . ~ a . 2 - a ae 2 ; an v7, é s <",7328709134126206241
0.0258,0.0636,0.0154,0.0032,0.001,"Our Team on the =: always endeavours, ¥.  rr ae",7329423244992236832
0.595,0.7475,0.6042,0.5793,0.0082,POV : quand t’as plus envie de skier et que tu rentres en volant,7329560864518901024
0.4733,0.6651,0.5144,0.6309,0.5084,"saKitzbuheler, fatyzam",7330883086684622112
0.6373,0.8316,0.6012,0.3745,0.7423,Ski you soon  tzbihel «  InK,7331415350828911904
0.0164,0.0622,0.058,0.0315,0.0006,$05 IMPRESCINDIBLES EN BAQUELRA  (ON z= 14 “,7333562774750088480
0.2801,0.4827,0.3489,0.1274,0.1025,"atthe,",7333604507793853728
0.4145,0.6853,0.156,0.7166,0.1764,sistagen tush end,7334381637586652448
0.7634,0.8046,0.6691,0.7737,0.4716,12/02/24 -_- Asi esta Grandvalira heyy,7334734613429882117
0.5618,0.4401,0.3676,0.0584,0.0113,> 8) <= S DQ inl = Na |,7335091592077856032
0.4384,0.1244,0.3789,0.0365,0.0163,"Roses are red, the sky is blue,  the view is pretty, but not prettier than",7335348681832418593
0.4911,0.5958,0.6696,0.0618,0.0246,‘4+ what living in Davos Klosters looks like ‘+,7335847049495203104
0.9617,0.9304,0.8498,0.9614,0.7825,longue de France et tu fais ‘quejtomber,7335861253551787297
0.4117,0.6439,0.4624,0.6584,0.0522,POV: you're going skiing,7336238126651706656
0.7699,0.6833,0.4919,0.7269,0.3313,Bork ti eh aT  went —_ _ » me > an » aa >p> au» >» au» > a7 ind p> —=- »,7337328365147295009
0.2234,0.192,0.0949,0.0119,0.0046,"Lew i  / & hae a. - ” j  Demag BW re  wv  , a th ‘ a é",7338778286597655840
0.801,0.4826,0.4315,0.1824,0.1058,23/02/2  ek.  .,7338825965419662598
0.2506,0.4378,0.3743,0.1142,0.0534,1 \,7339952469901970693
0.6704,0.7365,0.4454,0.4225,0.1302,ai nee 2am Sarhe te oA  POMMCERCENS,7341290377858567456
0.3215,0.6259,0.3458,0.225,0.0189,POV: TU VS INMENSIDAD 23,7341738165746634017
0.5243,0.6895,0.5449,0.6272,0.013,"< 6 &  POV: you're skiing on the  SF} perfect day r |, wy . 4  z fans-Monthn .",7343530174526377249
0.3646,0.5144,0.4475,0.3027,0.011,POV: It's march and you're  enjoying the last.days of winter season@ a,7343975400122354977
0.6485,0.4551,0.4475,0.1878,0.0987,"I  --"" Quand t’as ski le dimanche mais bilan trimestriel le lundi Ww  Saad  Soo Rg OY cS a re ih at ~~ ~",7344802060019256609
0.5661,0.5117,0.4729,0.0021,0.0012,Quand la phrase « Il fait toujours beau au dessus des nuages » prend tout son sens,7345144791094660384
0.1791,0.5387,0.205,0.419,0.0053,POV: POV Tiotetseschorten | linge mest tat BO clagras  Vv,7345515480288922912
0.5485,0.4776,0.4614,0.1324,0.0676,1 ?  43,7345753568462261537
0.3684,0.369,0.5018,0.0265,0.0011,"Good,.morning FonNKitzhiihel",7346110636008475937
0.0785,0.0952,0.1494,0.0124,0.0058,how it looks:,7348097820320173344
0.1392,0.476,0.3079,0.0784,0.0252,Kasspatzle & Kaiserschmarrn 44,7348379737519082784
0.2334,0.3343,0.1747,0.0474,0.0162,MELLLEURE THERAPIE:,7348413567797841185
0.1749,0.3028,0.0991,0.0022,0.001,a  va \N  Events von ‘t miss in Nitzbiihel  2024 AN ~ eS  YY ¥,7348717316856712480
0.1906,0.3295,0.1125,0.0115,0.0036,"YY s 4 r : r 4 ‘ os “¢ 2p f° Tet pe ""Mk 4 ve — ~~ Tomorrowland  DJ Academy",7348766265927814432
0.0549,0.3132,0.2622,0.001,0.0007,This is your sign to go to Caprices Festival,7350221322317761825
0.0513,0.2985,0.0467,0.0025,0.0032,"® Alte Woche  . ‘ 5 hikinc i ; Minn by, g Mn £",7350708094302735649
0.558,0.9792,0.6181,0.3734,0.7728,winter SUNKISe messes $ Kutebilthel,7350954462992682272
0.1317,0.2584,0.0268,0.0014,0.0021,Spring skiing atit's best ‘+,7351779832969104673
0.3118,0.4124,0.1893,0.0321,0.0393,SDS,7353535610641976609
0.4958,0.894,0.4563,0.3345,0.0092,POV: You realise that the ski season — will be over soon @,7354275810578140449
0.2421,0.9048,0.3545,0.0343,0.0163,Les remontees ferment le 5 mai.  Toi et ton pote :,7354350552693656864
0.2757,0.4366,0.3592,0.0331,0.0048,iy,7355765566625402144
0.8043,0.2725,0.4361,0.0059,0.0041,Hello spring WOO  ae  yor.,7356509644170333473
0.8845,0.9469,0.1174,0.4839,0.042,Spepecaty of : 7 ¢ ~,7356608348030012704
0.3901,0.2635,0.333,0.2898,0.4589,Nobodyss  lWesyenenvesidellamllereloenners  +  *,7358820174952172832
0.5397,0.0216,0.0563,0.0008,0.0014,". > .  Why Yoga is good for your health:  a +  . ’ “: 4 “ * sf 4 , “ ™ : \ 4° ’ - neeer «€ Tht ¢ a « — . - ~ , e J a - ra 4 aii! r",7361030582446378272
0.7944,0.8411,0.7159,0.3146,0.0009,POV: Du freust dich auf die Bike Saison und es schneit Ende April nochmals,7361057454454508833
0.0924,0.0827,0.061,0.0153,0.0017,"as   <f  Pa  ad  i ,  * KITZBOHEL  R BUCKETLIST iv |",7361799258107841825
0.5136,0.796,0.558,0.5472,0.444,POV: All you can think; abuts ~ +s your summer holiday ince  <r,7363657122795490593
0.4885,0.7159,0.8819,0.052,0.0071,eye to Kitabtihel,7365161137324805408
0.4294,0.082,0.1733,0.6661,0.0435,"Qe <<  as to save money  a e and don‘t go on holiday — e ee Insummer. ts .,  A [EL Ba: fags * ""aja",7366603470272515361
0.3092,0.2773,0.7044,0.0168,0.0287,What do you think about this?,7368427984539127073
0.713,0.8223,0.9097,0.0035,0.0042,Ecoute et devine ou nous sommes,7369882061445926177
0.4914,0.6265,0.5001,0.7362,0.942,SSUMMER  Kitzbihel,7369936386000031009
0.1405,0.2786,0.0828,0.0032,0.004,GOLF AESTHETIC r,7371436708778315041
,,,,,”,7372132003078032672
0.7743,0.8968,0.4603,0.008,0.0064,_ Nous quand il va ENFIN faire BEAU et CHAUD,7372168611449900321
0.3491,0.5248,0.1711,0.0124,0.0404,ETAPE MEGEVE,7372567531258727712
0.9846,0.8904,0.9608,0.0021,0.0023,mystical,7374412100833250593
0.1321,0.3362,0.2207,0.0038,0.0034,SIGNE REISCH Wirtin Hotel Rasmushof,7378467106636991777
0.2259,0.6174,0.4505,0.0057,0.0032,WIDO SIEBERER  Direktor Museum Kitzbthel,7379227737271094561
0.2936,0.6789,0.4034,0.044,0.0089,HAE  WWOuUR TIME IS now,7386194546062839073
0.8546,0.4692,0.447,0.7049,0.076,"1 wn ae ‘ We, mt Ig! ; 7 hi : _ pe ih : vis y ‘ ' ytd! uo toy vole are . yy "" a ' roe itt ye : ng as wie fog a as patente | Fy "" ee wa te ae vs  she ie walt",7387308322162052385
0.3432,0.6891,0.2387,0.0138,0.0015,"D  ¢  \  °é .  ""Ate. SNOW your Thee",7390632928780340512
,,,,,.,7391864864840387872
0.7702,0.7454,0.0777,0.0218,0.0072,UR TIME IS re  ee,7392856168214957345
0.1145,0.1642,0.1126,0.001,0.0023,o (aXZ = Gp)  iN  le meilleur,7395950056001572128
0.5249,0.6174,0.4902,0.0712,0.0051,"Jiaurais beaucoup aimé, os ecoutez-moi !  od",7400379104962284832
0.8691,0.8038,0.7624,0.8694,0.7596,Onne peut pas acheter le  ~:,7400784701633416481
0.203,0.3918,0.2557,0.036,0.0132,-—  KITZBUHEL,7403329560554523936
0.3649,0.2991,0.2566,0.0402,0.0115,i. .  oN  Om i,7403421764769926432
0.5921,0.721,0.6157,0.029,0.0221,Comme un Iuncl matin a,7407351220127419681
0.4956,0.5839,0.246,0.4493,0.0057,; POV; . q You've finallyarrived in,7407736509996043553
0.2997,0.4978,0.521,0.1376,0.0779,Réponds au commentaire de stabi  & parce que c’est  reserve aux hommes ?,7407843953539583265
0.8271,0.4843,0.5655,0.6365,0.8859,"T’es sur le télésiége le plus off pourquoi tu le prettie9  You take the slowest lift, but you know eal;  segs",7410359060681297184
0.2887,0.6333,0.3542,0.0741,0.0135,"Them: ,,Are you seriova",7412540786975231264
0.9528,0.0305,0.2714,0.7581,0.9934,£  Ce genre de moment ou rien d’autre ne compte...  r  ' Bee,7413269884840267040
0.4065,0.7766,0.3505,0.0122,0.0011,Les communiiiy managers ces stations ca didi co matin ees les premiers flocens,7413699830469397793
0.8475,0.6303,0.742,0.4268,0.0404,ian  Le bullstin mStéo s Iniits PIN A1400m  a  wn?,7414109220523511073
0.2072,0.2735,0.2381,0.1348,0.1457,Everyone else:,7415576931577433349
0.8753,0.6677,0.4693,0.0278,0.0178,"Réponds au commentaire de beasegid580  J'y suis allé ily a trois jours, il ya pas un brin de neige <3:  5 .  _  Le [e: DUS vous attendiez a Ww  qu’en Septemb",7415589341981986080
0.084,0.2377,0.0742,0.0142,0.0148,93 problems  Ney  Pall,7416286728513735968
0.6735,0.5165,0.4637,0.0436,0.0428,"ll est 17:30, t’as skié toute la journée, tu sens plus tes orteils dans tes chaussures de ski, ton pote vient de _ remettre une Somes ournée de Génépi  . we an ° . . . a A oe. . MP, ; a n ‘ a .° ae oe",7418133778406657313
0.3094,0.5233,0.3773,0.1318,0.0752,SCHLOSSKOPF,7421851827794152737
0.8331,0.6676,0.4502,0.4354,0.0873,lles ta mére car il neige 4 Val Thorens R§,7421927684965502240
0.4982,0.3361,0.1529,0.0265,0.0072,. SB | To  — _ ee ~ “Se aA — —— ~,7424512450856357153
0.4205,0.5229,0.3978,0.1687,0.0309,—>i' 5  a,7429721456851864864
0.6713,0.2383,0.2334,0.3976,0.1508,“pale ao a rn : . *  ‘ Ret ee .,7431510658845379872
0.2983,0.6081,0.3686,0.0314,0.0355,Next destination 9 —,7436403924350864672
0.3219,0.38,0.2801,0.0805,0.0274,"ts,",7436439641298865441
0.3199,0.0347,0.1051,0.0018,0.0023,"°c  Quand t’ouvre ton appli météo  Ciel clair, sans nuage  1  . ( ° . dim Ye. uu ATT. = ‘ * 7H oo MAD me 0-2cm lun :  . . | * ks aa, ~ 3 km/h mar ay \ >20 mm lon as rs] z  ~ 9 km/h  + =20-30 cm mer. . | -2° | POR 2a, Ss -11° ( * 7 km/h . ere 7% 20-30 cm jeu. a - éifl 2a, Sa ~12° 1 * 13 km/h ven. in 3° 2 en",7438288130567949601
,,,,,~,7439269165111725345
0.1041,0.1762,0.051,0.098,0.0056,Prootgnaigony ining Econ moe) SaNettlixsposterg,7439731424854379809
0.6745,0.4948,0.4815,0.6396,0.9938,msg Vo ad Se —  SO giFMegey,7440140885246971169
0.252,0.6662,0.4124,0.1515,0.0121,Now in - Kitzbtihel,7440465091817999649
0.6623,0.7324,0.4648,0.2049,0.0092,"In just a few weeks, -°, F winter fun begins!  Om de",7441976604730936609
0.2724,0.7411,0.3537,0.0168,0.0067,"Nos,pistes ce 27 novembre :",7442009228555930913
0.3488,0.366,0.272,0.1146,0.0122,> Ps aN  Ag),7442235405757336864
0.6406,0.6536,0.328,0.8557,0.1238,"When mi bess @pecis me ih the Ohiiee at &, out Tin just a chil guy wihe Lewes aiding ih the",7442737337525669142
0.8238,0.1101,0.5187,0.004,0.2851,Je sais pas comment on explique le bonheur...,7443846446362774817
0.3249,0.5254,0.3933,0.1887,0.1583,to,7444957131670949142
0.1326,0.2099,0.1545,0.0603,0.0189,Yeaguines sumed,7446341554735828256
0.0796,0.5133,0.0189,0.0185,0.1621,This teeing >>,7447538385993895201
0.2304,0.2722,0.0212,0.0052,0.0109,Winter therapy,7447927530448915735
0.425,0.6862,0.2765,0.0643,0.0418,OWNS  SS,7447956995182759190
0.7432,0.9876,0.8845,0.165,0.1505,De cabeza. al fin de semana,7450183993355488545
0.4372,0.6078,0.3824,0.0937,0.0297,MARIO KART ETYLE,7451599218545970454
0.811,0.8753,0.9512,0.1818,0.0477,Reépends au commentare de nuisaa  €@ estce que ilyadela * neige pour skier en ce momenten décembre ??,7451629003380755734
0.5001,0.5164,0.6138,0.0043,0.0042,Christmas vibes <.~,7453069595327384865
0.3485,0.3662,0.0222,0.0016,0.001,Like heaven @,7456310839121874198
0.5583,0.3728,0.4685,0.063,0.165,s When it snows it gets really quiet  ma,7458328611213298976
0.2642,0.5037,0.3431,0.1469,0.1343,til,7458380266004843798
,,,,,—,7459403430122097942
0.773,0.7505,0.6386,0.3078,0.007,POV : c'est full soleil toute la semaine #,7459503727737687318
0.5826,0.7347,0.5807,0.5562,0.041,POV: WEF in Davos aber du,7462655968522931478
0.4319,0.4463,0.3462,0.1433,0.0033,"- ddara Ghantouizao mein * ne fels dems VaNTES  eh,",7462683592603340054
0.653,0.6278,0.3524,0.6008,0.092,POWs TU DENIES AVALTHORENS,7463500754318347542
0.5917,0.7613,0.399,0.0347,0.1656,The next destination is...  ere,7463516081081027862
0.4154,0.6796,0.4841,0.074,0.0224,Vuelve 3,7465714414814137623
0.3709,0.5103,0.4351,0.478,0.0043,POV: On forme le nouveau stagiaire,7466109584952855840
0.2016,0.4933,0.2211,0.0248,0.0048,De ate ee a al SUDO SP ee,7468323433714126112
0.3058,0.5791,0.1509,0.0586,0.0067,gra tesiga  wando ls dtessatuamiiga,7470495287212084503
0.9968,0.9502,0.9818,0.0206,0.0128,"a  me -,  ip i vr a  Quelle ceuvre saura vous émerveiller au hasard du Chemin des Lanternes ? ,",7470532387223407904
0.0721,0.0373,0.011,0.0013,0.0137,this sound is what skiing feels like >>  soo,7470850262840691990
0.0143,0.164,0.0608,0.0009,0.0009,= Identifiez votre station préférée,7471286673494527254
0.4701,0.5758,0.4495,0.4255,0.5936,< _—,7475642830430522646
0.364,0.6036,0.5027,0.2767,0.018,Avesessclo nacedizs un yeegui con visa,7477935287646063894
0.5556,0.8382,0.7427,0.0266,0.3925,Pas le temps pour les restos Le midi c’est sandwich sur les pistes,7478417820376812822
0.3022,0.5234,0.4239,0.1464,0.0799,1 wa,7478712216724802838
0.9195,0.6789,0.7722,0.0379,0.0052,X  Pad  Re  ~“ ~~  Les skieurs se donnent 4 coeur joie...,7478999877444226326
0.9831,0.9218,0.9692,0.2322,0.1781,Notre réaction quand on voit que notre vidéo Squid Game commence a percer @ A,7479481184100044054
0.2096,0.3761,0.0385,0.0037,0.0107,ARMOR,7480918194438278422
0.4816,0.5583,0.5792,0.0058,0.0149,quancl Pes cems les mages,7480938335133863190
0.1806,0.2252,0.1034,0.0093,0.0106,iS] {0} fe a @ & a,7481624954484690198
0.362,0.9167,0.6686,0.9171,0.3626,POV: tu finis ta journée de ski commigfeanay,7481977420220779798
0.6162,0.901,0.7483,0.7345,0.2093,lim lGoking for a man with backpack ‘+,7483220883759303959
0.1344,0.352,0.2888,0.4946,0.0048,Mentionne lh personne amas cul  tUMVeUxgfainercetteydescenter a,7484305196332436758
0.4432,0.7735,0.3587,0.0256,0.0039,« J'AI ENVIE DE RESTER TOUTE MA VIE ICI » Eo,7484928854029634838
0.6964,0.8753,0.6313,0.0046,0.0025,‘Notre ENFANT INTERIEUR A CE MOMENT LA,7485773090555956503
0.4563,0.387,0.2418,0.6169,0.0373,te aux Etoiles - =  f: Acces : 4 Pis' ‘| wank  POV: ties sponso par Snickers,7485818484723567894
0.3513,0.3938,0.4451,0.4344,0.0016,"POV: Tu skies aI’ Alpe d‘Huez au printemps  - moins de monde, plus de plaisir sur les pistes ! * vs - du soleil  volonté et chiller - Des bons plans sur les logements 7",7486129539827928342
0.483,0.4354,0.3829,0.1897,0.0622,e NYA WI,7486138878026321174
0.7741,0.7494,0.8542,0.3405,0.1027,s f  you don’t wanna be French? &,7487328540497628438
0.5251,0.1705,0.2242,0.0927,0.0312,"’ . — : —  - d ’ x » ’ _ . ' ° ae a td ‘ > y ' , - Ms ‘. .",7487960173529582870
0.7718,0.5452,0.3978,0.1347,0.0023,"=  oy, NDVALIRA  . vn April 1st",7488241037907905797
0.9591,0.887,0.8915,0.7533,0.8683,"ri  Don’t know who needs to hear this  = Nite hing,",7489499424884821270
0.3447,0.4677,0.2193,0.1031,0.0073,"\ tC  aOnestheSantl, Cox tiiloctén",7490984274049469718
0.8268,0.831,0.8537,0.0973,0.0232,Tu vas pas 4 la plage en avril ? 99,7491322585624349974
0.3081,0.3639,0.3419,0.0592,0.0092,. @GNORECT,7493955664008498454
0.181,0.3663,0.0266,0.0041,0.0145,"a oe i ariel ff Pinan “. -% a | gece lite ; = . ; | a it ' -_  “megev e,  | ae Se ee taf",7494205664135236886
0.6244,0.4331,0.3722,0.3221,0.0598,"oe  ‘ _ -— saggy te 3eT jae ceANll},,.»",7494230009050139926
0.2825,0.3205,0.3644,0.0743,0.1647,What,7494238893546474774
0.2214,0.5657,0.4788,0.0077,0.0169,* Lac de Javen 18/04/2025,7494590607797554454
0.1147,0.5815,0.1079,0.0951,0.323,Last dances,7495368561821535510
0.4194,0.4331,0.4426,0.1392,0.0335,a ~ ike ONE,7502082897935928598
0.3081,0.2645,0.0453,0.2805,0.011,"pimost aS thi  is s the, whole, mat",7504292781637127446
0.1527,0.377,0.0269,0.0021,0.0017,Méme passion Deux saisons $,7504627479449963798
0.7384,0.8024,0.4769,0.2238,0.0178,“J'ai envie de rester toute ma vie ici!”,7504668782045039894
0.5283,0.6768,0.4922,0.693,0.0251,POV: Youre spending a weekend *. ~... inCrans-Montana:. -. a,7509512878026788118
0.2911,0.5078,0.3986,0.0773,0.0454,roa Laer,7510326060676975894
0.6306,0.2513,0.2252,0.0471,0.5192,"Be a ™ BE te E ‘ =. ze BS = Wild Life~ ae re, 4 oo",7510479503592901910
0.6336,0.8548,0.5839,0.104,0.0039,Crans-Montana in a few days,7512836614834474262
0.0955,0.4844,0.2932,0.0006,0.0003,"70 ans dhistoire  Depuis 1955, le téléphérique de l’ Aiguille du Midi vous emmeéne tutoyer les sommets 4 3842m d’altitude",7515407893357759766
0.3343,0.0028,0.3446,0.0037,0.0137,NO STRESS  The ski season is only in 23 saturdays,7520582757412556054
0.1691,0.82,0.3711,0.0681,0.0791,you worried ak it people will think?’,7524285666692271382
0.7451,0.5652,0.8163,0.0895,0.3963,WHY GO TO THE BEACH WHEN YOU HAVE THIS,7524995526518000901
0.4238,0.4436,0.2575,0.005,0.0084,what life will look like in a few months,7527665793501318456
0.7561,0.5947,0.2881,0.8533,0.7612,Bo ths mciin chelestar of your iva...  ~e  w=  y,7528433357093358870
0.0546,0.2389,0.0823,0.0019,0.0012,on  This is your sign  -,7532382235463339286
0.7842,0.4616,0.8938,0.0127,0.0078,Is this?  4 : . —™ > : LON = I  ~,7533680078866238742
0.6021,0.4352,0.4213,0.0456,0.0109,On n’a pas besoin d’étre d Zermatt,7535123405562006806
0.8737,0.6078,0.4685,0.1862,0.005,aN os: ie! a eet  .  ¢. RC \ aw,7537787296209259782
0.0148,0.6743,0.0189,0.0006,0.0008,"Cd  a  Défi golfetirs’tous niveaux: alignez 10,balles et...",7541326779697564930
0.6828,0.7829,0.6821,0.1226,0.0164,“J’espére qu’on aura une belle vue !a-haut”,7542538735116684566
0.7897,0.7324,0.8991,0.0023,0.0184,HOW MANY SPORTS CAN YOU DO IN 24 HOURS?,7545446733921209622
0.0604,0.227,0.0744,0.0043,0.001,FUNICAMP  THIS IS YOUR SIGN TO GET,7545528304237841720
0.8947,0.7649,0.9689,0.277,0.1398,ARE YOU FILMING THE ROAD? ee  ~ e,7546473791115791638
0.2504,0.3951,0.3244,0.2042,0.0816,rv,7548437152137350422
0.5767,0.6005,0.458,0.4117,0.2395,OS  ve ‘Gct...,7549089036447649046
0.3959,0.1602,0.1512,0.3393,0.405,Not,7550653411583102230
0.2572,0.2461,0.12,0.6506,0.7031,ibianices,7551820830615899414
0.6165,0.6137,0.6253,0.0028,0.0013,23.09.2025  First taste of snow in Grandvalira 3  ee,7553173878785297720
0.1777,0.5293,0.2168,0.0362,0.0054,BANDS UND DJ’S,7555760932794764566
0.341,0.3469,0.4307,0.0036,0.0054,Winter Vibes,7556999098637880598
0.24,0.2979,0.0306,0.1016,0.1113,My  LOADING,7559557230903774486
0.7991,0.8852,0.4948,0.3262,0.0433,POV: You wake up and it’s snowing,7561497104322022667
0.4517,0.5983,0.3963,0.0497,0.007,+  Munchen 07:12  =,7563724139240885526
0.4965,0.6559,0.3448,0.0286,0.0232,a  ’ Mon réve hier soir :,7564069366606679318
0.1739,0.0722,0.1755,0.0059,0.0046,va  a 7 / A nal palette wi Ne  oe st,7564379905971178755
0.6612,0.3834,0.3132,0.1325,0.0103,"et ed ahs RTS Ns a POV, :-fam s*content creator  ; . Pt .- . - aE a Meethe first snow in‘crans-Monta",7564663320058285334
0.4405,0.6465,0.4991,0.5984,0.0174,"Cestwanchecl JNE RISE)  euun bracuagacm Louvre, ~",7564712687565802774
0.1159,0.4258,0.3832,0.0052,0.0006,"Au fteit, Val Tinian ulgroupey donc choisissez Votre station cet hiver™™ OmV.GUS voit les stations des",7565953021411216662
0.5694,0.5401,0.3673,0.0619,0.0102,It feels like just another Monday... but it’s one Monday less before we're back on the chairlift.  i a  #,7565955844764863755
0.3726,0.5599,0.2322,0.3198,0.0662,"tehihngontheschadlg, ~  Pe.",7566270741134462230
0.3842,0.3664,0.4492,0.0958,0.0292,something ooo,7566297785914412310
0.9504,0.7293,0.604,0.2659,0.0182,"‘  me  ‘y Tu cuando te das cuenta que falta, 1MES para empezar la temporada 25/26",7566632651352853782
0.028,0.382,0.0206,0.001,0.001,Le seul moyen de transport qu’on veut prendre cet hiver %,7566676756199951638
0.3888,0.6993,0.3259,0.2195,0.0123,POV: Autumn golf in Crans-Montana is...,7567386738709073174
0.5807,0.5061,0.416,0.3901,0.0494,"YU ANYY “ff, Tf Ze",7568823330518748438
0.3365,0.5181,0.1825,0.0062,0.0036,06.11.2025 WELCOME HOME #  LIVE ~,7569526874024512780
0.4758,0.698,0.236,0.0191,0.0074,life in less than a month,7569964600523853078
0.6803,0.7913,0.6912,0.1396,0.3024,Llegan los dias de nieve,7570012092829748502
0.1895,0.0718,0.0108,0.3578,0.0021,"- ,  SB QUAND)TUIES) FLUE POUR LAV OEE CIS Ey IMEILLEURESTATION| IDESKIAU MOND EIS  \  e BY a",7571134268403895574
0.2652,0.5475,0.1598,0.4926,0.0117,FéalehtBéinkler ; fo ‘TOUR 2025  a,7572210750937107734
0.2737,0.4263,0.1393,0.0149,0.0016,Jos FaeschtBirikler : ; ‘TOUR 2025.,7572210786991344918
0.6476,0.6894,0.3943,0.1143,0.0643,how we hope winter  POV  few days...  Ina  ll arrive  wl,7572598154063990038
0.6922,0.654,0.3998,0.7399,0.0294,"V sousilestcouples se séparent moi le seul calin que j‘aienview B de fairec'estca — i"" .  an NSN  ff  Lad",7572605667299708182
0.5368,0.2977,0.3083,0.0536,0.0054,"Yo:  , , ’ a f he  y mY ‘4 «f",7572922723836431638
0.1737,0.5133,0.1034,0.0075,0.0012,wis Adeuxfoursds Fouventure =  Haver Mater  7h30 © 20h30,7574759080368114966
0.1597,0.5228,0.2701,0.3768,0.0611,Rovelestdameunsr24h),7575105754374458646
0.9082,0.893,0.6868,0.7703,0.928,mherapie dans la poudreuse! Waattien de mieux,7575170897451945238
0.326,0.3184,0.2123,0.198,0.0099,- . 1 * X Sony  f  westeaack: ww,7575831202117045526
0.4453,0.2836,0.3861,0.0528,0.0917,How can we explai feeling to someone whgKioesn't ski?,7575902535349816588
0.1882,0.51,0.343,0.0675,0.0537,at  Aap on,7576309328584592643
0.0791,0.4127,0.017,0.0088,0.0046,Work in progress,7576319921030827286
0.84,0.228,0.1004,0.0035,0.0443,Gnueionesthicn sur wnben Sem daneigaem total gremel mes:  ei,7577096797580053782
0.8958,0.7734,0.2962,0.0457,0.3404,| GOOGLED MY SYMPTOMS. TURNS OUT | JUST NEEDED  TOGO SKIING.,7577768828214512918
0.2733,0.2307,0.1716,0.0139,0.0158,> ie) ao) g < = *,7577797962017918230
0.3526,0.3391,0.3155,0.0907,0.0187,an}  i,7579238923172547842
0.5749,0.4899,0.5472,0.2974,0.496,Nig. Wat  Nan WN Leet Ne,7579287270092459286
0.3839,0.4701,0.3714,0.2654,0.0535,\ wN,7579299127637363990
0.1971,0.1177,0.1687,0.0009,0.0007,/  /  /  Le retour de la meilleure période de l'année ©  f  va,7579578853308337430
0.3037,0.4923,0.2763,0.0082,0.0655,ica  Uhivern infinit  € G E S Oo,7580037763580415244
0.8823,0.7759,0.7875,0.1232,0.0037,on va au sk  Idée de date  je  is que  et chaque fo  embrasse  f  tombe ons,7580065942730738966
0.3474,0.5105,0.2675,0.1217,0.016,MTS SKN,7580305629634399510
0.3673,0.6756,0.4569,0.0704,0.0021,"Cet hivertesjpotesivontite]Poussergal  Ss eilisuns que ckms les 8 Vallées, MH Calserawraimentitresiimpontantdellcur Ghia mom 88",7581507576219618582
0.3852,0.5038,0.8194,0.0073,0.0024,Saps on et porta aquesta pista? &,7582952363116268812
0.1203,0.0397,0.0479,0.008,0.0299,Raclette / 100,7583420207629225238
0.8952,0.8166,0.579,0.1252,0.0045,ONE DAY SOMEONE WILL ASK  TO.GO SKIING IN KITZBUHEL.  IT IS VERY:  YOU  IMPORTANT YOU SAY YES!,7583720650200730902
0.2539,0.2085,0.0447,0.1621,0.0106,Les euines : wiliite a demizre Kemonteerestakl ols O]! _# 9 Sh Moifdansimaltetetayl 6 in Oy a 4” Gi  a ; ’ F- |,7584105481719844118
0.9165,0.6116,0.0344,0.143,0.0101,This place & your crush  oe. ta a uu Lat ‘4 ja ww ® gf st ace fF ‘ a jm a  w om of _—  au a UN M  FI,7584519298459176214
0.3284,0.2809,0.2457,0.0216,0.004,£5 eK) oie] oc¢ 59 ad ~o cs 2s © ss,7584845578429828375
,,,,,*,7586610643130764566
0.9393,0.8853,0.9336,0.3266,0.4166,Il fait quoi le bro ?,7587070120556580118
0.1372,0.1528,0.0216,0.3655,0.0164,Nos dameurs ont du talent,7587134900852100374
0.8888,0.6762,0.5435,0.6655,0.334,"\  es  <P she  i ! ; i i i ‘¢ i  heme som, tm eee",7587308013363449121
0.3716,0.698,0.5142,0.1424,0.0426,Tw pensss cui tet beaullashauteae,7587442936376233238
0.7565,0.2919,0.263,0.0817,0.0157,"‘ to| ty , \ anit | ae nar ares ' i Y ' "" ‘i Wd f ar ri uf mo aaa) I! rd ‘ OY fo yl Wyte td v "" ‘ ) 4 Pa ne ‘Me Hs \ ‘ 7] ‘ ‘ | "" M Wil i, hy Hi 4 ro : } ‘ Ved hey VM 4 yah % / , i - yi M We i!",7589754729350155542
0.3316,0.2481,0.2965,0.0029,0.0014,Bonne année 2026 ¥ @&  wae Noaa . mele ity y Gia an wee a“,7590184087122660630
0.4147,0.4333,0.364,0.2724,0.0512,af  nar 720,7591860205567151382
0.7428,0.6,0.5402,0.7094,0.0669,"- po apm™ eo He., POV: ila neigé plus~ a7 —_ en ~=recemment en ile de _ France qu’en station",7592263862284586263
0.8292,0.8261,0.8899,0.0181,0.0165,-« Qu'est ce qu’on peut te souhaiter pour 2026 ? » 4,7592281951206133014
0.3245,0.4289,0.1829,0.2109,0.0318,"a  Dis-nel cMe Ves Femecis Sansimerdine|queltUlesinrancais,",7593403675297467651
0.5518,0.5763,0.499,0.256,0.0215,"Si/Flash""VicQueen avait été  réalis@’a Val Thorens” iggy ‘ a  N.",7593661214027156758
0.2712,0.5818,0.1249,0.0093,0.0029,iw. LIVE f 10.01.2025,7593673061476420920
0.9826,0.991,0.4488,0.7696,0.4417,: suse EWA  ome,7597370054556011798
0.2299,0.4376,0.357,0.1376,0.1525,4 4,7597422827196763414
0.2372,0.7329,0.2499,0.3604,0.0926,Ma woe vs lb musique,7603412461068291350
0.5584,0.3978,0.2013,0.5916,0.5095,YOU CAN'T BUY HAPPINESS,7604808799404264726
0.299,0.2522,0.2524,0.0287,0.0044,“4 # A “ x ™“ s  \,7604886753471761686
0.3361,0.5492,0.3503,0.078,0.0357,"EMp Tu,  7",7606001119243881750
