video_id,bluebird_score
7473224176086584598,0.012192007211538465
7553223847730777346,0.0012351233108914674
7520582757412556054,0.24890760015710917
7446341554735828256,0.8782177106953893
7587478416618736918,0.19624242844592407
7495368561821535510,0.24087906616712482
7576319921030827286,0.8597742732257396
7351073088601148704,0.3742458767361111
7286830586478578976,0.2292470691980496
7341738165746634017,0.823078019521985
7390334004001639713,0.21057697837589143
7322420132649749793,0.6991061099825068
7305425778076880161,0.7511231648866682
7471566242168491286,0.394171626984127
7340356860299496736,0.0036725868974132867
7483098002547100950,0.03681581005799756
7570012092829748502,0.8287853510075732
7604101089775865110,0.19221199156746033
7594160012247797014,0.7523796893371546
7586630099286510870,0.2838434193121693
7283105183352016160,0.057863481040564366
7471289820795374870,0.649955822172619
7476865863409257750,0.28317522321428573
7343970143497653537,0.08003678902116404
7267879991004761376,0.9695084246347943
7491632736105450774,0.14642923280423278
7312523032025730337,0.6850945702355017
7507578375586712854,0.09051875925130116
7319919643378912544,0.004814755763416478
7582254546236230934,0.25479726998824226
7596412614402460950,0.12859623015873015
7493891893026180374,0.026317477422003285
7481624954484690198,0.0640411430776014
7575110522522144022,0.002140090811965812
7546567057056353558,0.3495812908496732
7261958198775532832,0.7858816198804625
7304272406548319520,0.1422141252334267
7517987561692794134,0.0
7274897399045246241,0.6259715576045233
7523154104273915158,0.34949840290709705
7597422827196763414,0.0016826499118165784
7447184186034654496,0.0
7303968237966904609,1.2400793650793649e-06
7469067273794456854,0.402235387194016
7338778286597655840,0.6335602618664214
7325457714312727840,0.5449182334971026
7470495287212084503,0.005197007352179766
7321012358594235681,0.20468401227678573
7598574537407548694,0.1175533234126984
7578151818585328918,0.4288460743538869
7465714414814137623,0.0
7580000663845850390,0.7660590277777778
7566632651352853782,0.2535890200240117
7291228337123511585,0.17047551579699566
7309133635578236192,0.3040633729050279
7593664206210157827,0.0
7447538385993895201,0.022738663607804233
7318832237842156832,0.12010044642857144
7450183993355488545,0.9575332125603866
7442354645382532385,0.0
7466514918137728278,0.0831058378212396
7598953535165959426,0.0031980268959435625
7606743080678591766,1.0
7333562774750088480,0.026389793113425927
7315822267781467424,0.006318054262362923
7321436866287373600,4.590469228627123e-05
7399975638112783649,0.596455258516662
7591891163175554326,0.8510572583078067
7453069595327384865,0.9846561259920634
7372132003078032672,0.03820920729402872
7457587495031606560,0.40933862433862434
7323667240933444896,7.009144237405106e-05
7466106459403701526,0.9840553148342671
7297205575501270304,0.001492228835978836
7327710709201014049,0.9008207841541174
7477935287646063894,0.7478060283358136
7307971449870994720,0.024130200582837304
7559557230903774486,0.19994416016894084
7486822725684792599,0.01692694241522367
6825975879940820230,0.9978290343915346
7191515883330669830,0.6197392567280683
7272402191233584417,0.00028560099451303155
7157021341361753349,0.38551924113266706
7214886818368490758,0.719177913497575
7184457014217657606,0.06022743974132863
7208590550348434694,0.7874185999186001
7299777182828645664,0.25617113187266255
7200112331873897733,0.1961300755571589
7197086542479854854,0.9144178240740741
6913929490305420545,7.893838538999828e-05
6875699019520298242,0.7464443709582597
7285669773030001953,0.9984490396274252
7078216427131473157,0.9997270824712048
7209259784263060742,0.4743349550379949
7210067304095173893,0.7984333664021166
6860766213992090886,0.7456828907831995
6915045654997912833,0.19590539061989679
7306870694137187616,0.02137097300543024
7113472331917298949,0.18285016741071428
7125392158063955205,0.6269568452380953
7309113734360780064,4.9603174603174596e-05
7221550036172213509,0.18969654402709357
7225245362678762779,0.03759583906717904
7305781724238105889,0.5617220067740901
7225641498249891099,0.21687178497942386
6750983141873224966,0.8368864738656405
7261965250864467232,0.08463348765432097
7189927984172666118,0.9991991154100529
6880792115329142018,0.14883786848072567
7551820830615899414,0.6567137098931911
7262728753778822433,0.9510046173819321
6739804771013774597,0.5983118657298986
7213794863630912773,0.5158715320173655
6894530886105042178,0.6050834068195179
7306460792310877472,0.0
6896455617523813633,0.7277103279583438
6885984385670122753,0.5198172683051715
7223410372462611738,0.6671926032072635
7184831364422814981,0.9290613364687439
7323224822169750816,0.021875000000000002
7197448084119506182,0.3999323593073594
7070486062182731013,1.0
7161523791154236677,0.2593671085858586
7193751547749223685,0.6538417658730159
7330293520395275553,0.02302127425044092
7192254185969044742,0.9339415922619049
6768860777525824773,0.0
7224177146263063835,0.0010937286193212917
7208220006314773765,0.020647857265334118
7195607365813636357,0.5257234452422944
6927547229486058757,0.4963194088866133
7265677943228075296,0.751027592750063
7264519435086466336,0.5816207443625598
7159621444312288517,0.1938291124706055
7174022295978003717,0.785065144169227
7265242959048723745,0.9407918595679013
7050156581652106502,0.21648899322660095
7299132149167361312,0.5166968074845679
7307663369090207009,0.0
7297256040544931105,9.27188969723692e-05
6923258085528112390,0.03698849375932709
7185200340310969605,0.5884553910595577
6764678537346616582,0.9393455530360291
6880117942432959746,0.8676028495766662
7279078872455384352,0.004459209366007612
7204870147855748357,0.5853398241419074
6875610422578351362,0.13212420295753627
7200418269629582597,0.0012407108869782481
7130169267454070021,0.9433195891203705
7262363967157226785,0.01989686373744345
6878219367390268673,0.9931262860082306
7263460179461688609,0.7126603695856873
7185555796443270405,0.7761325263278387
7457876496447819030,0.000187192932728647
7260420548553887002,0.4280449459876543
6834420537545084166,0.21922606603289815
6885735124013550850,0.8937046835194984
7194501630111272197,0.9442418489386496
6886076315288554754,0.9223808299039781
7168916057166597382,0.04312610229276896
7564379905971178755,0.0
7574884067729050902,7.645805235674517e-05
7395189160081935649,0.05751744663382594
6920160579424488710,0.17294212639664802
7458328611213298976,0.0020031966490299826
7478999877444226326,0.9182254464285714
7325049996682759456,0.4105138062169312
7018111226760776966,0.48163764603839676
7143175958978186502,0.5628275359623015
7260104911830945051,0.2632237505935423
7495849453228657942,0.9289005416981607
7579299127637363990,0.46417263690599353
7474331497533836566,0.47417933319161
7261565962875358491,0.00806289582331249
7483898615803612418,0.1916419710690544
7454218208648727840,0.8086661179165707
7397062762150513952,0.5176624700806249
7094270154275605765,0.015719834126491482
7535476048444558614,0.9188582840543624
7504668782045039894,0.9696295024420023
7539973950877584662,0.005222754997060552
7567386738709073174,0.008028652722663138
7510479503592901910,0.0018137308935920046
7535846060476976406,0.12548339540657977
6958338154617228549,0.057257035578885965
7577797962017918230,0.9644292664670658
7476765597204860182,0.7483528596623835
7557014347273276694,0.10275968713734382
7165886702580403462,0.8480907370664315
7587402623129636118,0.02277780297989879
7587440240327937302,0.5507420122994405
7580305629634399510,0.1588548096707819
7566939859156290838,0.7914791318574214
7488220279244623126,0.9608453949599783
7549089036447649046,0.06001870655669674
7576309328584592643,1.3585139111824505e-05
7495322095065238806,0.2602415054563492
7605548189332016406,0.027456824802330426
7176199071177215237,0.0
7555412968511425814,0.48652797175667284
7316851921288006944,0.7953785883566388
7329526946751089953,0.759395985958486
7329933240775527713,0.8255791465891912
7468709057516326177,0.633792369378307
7535846854743821590,0.3094352951065592
7290823677195603233,0.8651847718253969
7451579890048027937,0.49282617713264637
7584845578429828375,0.8085387685036561
7581822570454879510,0.0
7164397666472873222,0.007101890235260771
7257874855037586714,0.47587979117253537
7184460864404229381,0.00911363605048501
7556999098637880598,0.3082557319223986
7603743614157458710,0.3260208073241781
7443846446362774817,0.14095495810055866
7533124404062981398,0.45340907003233394
7191884217595219206,0.6194271123410378
7551795663772798211,0.42428291918619293
7517939109512449302,0.10445744103041589
7128353863966444806,0.4270205853174604
7565890573115165974,1.4253785805509946e-07
7542538735116684566,0.3263830002438592
7156562442829466886,0.28341639281580683
7447512835350859040,0.02986062616387337
7471286673494527254,0.18992291578089568
6955364241213771014,0.421260733498862
7210751695771553030,0.45675104216770884
7174339271141100806,0.013475370115995117
7572598154063990038,0.7405607644360401
7350221322317761825,0.04791690981948335
7300927450463194400,0.7380099941211052
7582631962330893570,0.8991786858974359
7595972634450431254,0.2154611789891395
7522511822893616406,0.47596973256096814
7099406976437718278,0.255338191426995
7297177472615861536,0.0005762760351054002
7535846685101149462,0.04823878776550878
7532382235463339286,0.11972578073160813
7224426315074522395,0.26088829050138573
7190283346373610757,0.646545493197279
7466109584952855840,0.46520432029872133
6921604099553119494,0.0015061792311479266
7486138878026321174,0.2170902620307382
7463198577188146464,0.2753844246031746
7193808719287766278,0.6736130248138351
7541326779697564930,0.45705404219944157
7183681305203330309,0.06169662099753694
7535123405562006806,0.795461839472256
7124374690520419590,0.2619130291005291
7480563839319264534,0.5422826301624045
7563265888623840534,0.45327340426911505
7512836614834474262,0.44156657355679707
7575167976853228822,0.0
7578925701114481942,0.5809451421017845
7490222588883422486,0.4446803026766262
7093804812864670981,1.616490792468446e-06
7489499424884821270,0.33795526413690474
7494238893546474774,0.0
7343530174526377249,0.4803067319680107
7480918194438278422,0.2693278268799102
7423318018853178657,0.0337573141718107
7567372771060124950,0.14694335746129727
7470532387223407904,0.12968353863536156
7414073681992895776,0.050511967065409086
7528433357093358870,0.1946469356261023
7296855348714016033,0.5772846739969135
7161354120849427717,0.00635721519510582
7509512878026788118,0.22864175714653143
7436439641298865441,0.006252683212661282
7543218614866906390,0.30971051036155206
7568852433271590146,0.20563970226246278
7192709681280781574,0.5255937913359788
7468323433714126112,0.0013810809817754262
7441976604730936609,0.4649405777984689
7140222885389536517,0.47796953977121576
7557004748973559043,0.0
7564663320058285334,0.0
7132514036276628742,0.0031623573908730164
7440066420332924192,0.067044661228689
7171449726158589189,0.2829360650510205
7547744113433627926,0.3292323770173805
7336238126651706656,0.3014510404856387
7506217095441435926,0.3706023120536043
7472755159945252118,0.6317392235906552
7444926040855661846,0.5769835364701436
7518292077080268054,0.3911963819512907
7474265267783208214,0.12509246327332918
7250832194392886554,0.06948897456709957
7441958558054337825,0.6824382280933815
7505058159258504470,0.42567702428193505
7564461685881179414,6.414203612479474e-06
7524347836541046038,0.43109178856727876
7555487310297533718,0.9067931173383849
7253058884762537242,0.03393375220458554
7141370905153850629,0.6400514971797154
7506795063012232470,0.23156436011904763
7490268698918309142,0.42407707585348947
7478407463675481366,0.955972246469584
7439661735742557472,0.41978624706055256
7448354400998853910,0.4171122810445727
7495455289882184982,0.0
7245283945619655963,0.3032745811287478
7447200750096223510,0.8820177583957965
7239748390974704922,0.5535355179398148
7202909898219326725,0.8766431327160494
7450928915159190806,0.3010125783852636
7467247804717550870,0.9028039649286158
7436892906801073441,0.00028088781809019905
7169218120916208902,0.9054832984171323
7502082897935928598,0.28788650294847923
7459483581803482390,0.2735430445326279
7447956995182759190,0.7573371913580247
7192172787723783430,0.6363885788690476
7532594185912847638,0.4012356455617629
7252274964206832923,0.06089891975308642
7141371845248437510,0.47251319056486657
7226711933150432538,0.10278591411476654
7486391346727537942,0.04569835758377425
7508716246301510914,0.001140873015873016
7504006062559776022,0.15039740668402776
7421851827794152737,1.3248542660307367e-05
7439269165111725345,0.0003014625684581825
7442685576798604566,0.3284604741019215
7269755991049260320,0.0
7148719596487363845,0.056889506850226125
7440567441777757472,0.5517731166540689
7446429495948594454,0.7021105625892331
7156614323194875141,0.3953885778848577
7526570162976328982,0.21319162880530634
7457155091238259990,0.19083391072478376
7455422115802565910,2.3277467411545626e-06
7443866656956255510,0.49243971836419764
7189528219425590534,0.6812155102926587
7500926454671232278,0.0
7557772009510358294,8.412234289427272e-06
7479158367873748246,0.5138360870968758
7418157210896698657,0.33979328565917105
7549615777326877974,0.004895542364990689
7487276696215817494,0.003422829448007908
7446821670133845270,0.0029172994643673657
7033466696245497093,0.01693569499559083
7481596789448117526,0.16236049107142855
7217888414631283995,0.272523724346641
7219294434465238298,0.6514745002939448
7303884823578397984,0.028328182234432234
7256464845132827931,0.43528536752278074
7504627479449963798,0.6942707041583995
7484928854029634838,0.9908863705738705
7343923844316548384,0.6822164028553693
7007863408129215749,0.452219742063492
7040810874281479430,0.5324268353174603
7550598568415874326,0.9905604122123366
7206680972555750661,0.016065457818930044
7486129539827928342,0.41290015523956497
7485773090555956503,0.08859767691798942
7022596866374192390,0.9809742436864974
7529427220335496450,0.01233391983422792
7011522309198515462,0.5982630031179139
6821547365887905030,0.3076774691358025
6814175723704683782,0.39733980011757797
7606001119243881750,0.5352432005940779
7601164093910715670,0.9861750730994152
7215515219164990746,0.06942962050720672
7478735064881237270,0.6216548859126985
7038707297396198661,0.657672548185941
7605520662588902678,0.8611476245590829
7206682386531110149,0.3654568452380953
7004414493086240006,3.375153738252777e-07
7262807521008635168,0.9513498493533218
7545046455229205782,0.48380644785847293
7516624091097337110,0.4001520089159754
7014868849635904773,0.9740915810768752
7036326405155638533,0.8249090608465607
7346541062267079968,0.7940226862349878
7022178037378731270,0.020677254378763
7026774067223055621,0.6822154903628117
7211165738957163782,0.6439052395649617
7495704452696116503,0.26931792682350714
7431510658845379872,0.5514061960724276
7039252769894616326,0.05522314626714067
7022925491963481349,0.26918416323828437
7491322585624349974,0.9147768742913831
7263733416292617505,0.9988809078652827
7212344637523283205,0.021921643314390223
7566676756199951638,0.9603669942138867
7039005707844308229,0.2785106646825397
7560707094018542870,0.9995877948479205
7027511633060695301,0.7788222537939595
7587442936376233238,0.5313061135912698
7494230009050139926,0.0
7044982077288189190,0.9678569043803419
7348766265927814432,0.13274819958847736
7441982856659815713,0.4445223922902494
7578256886286322966,0.8118994736705981
7291237498506743072,0.0008617359203296702
7207862806899592453,0.034839128849545514
7604886753471761686,0.007823454034391534
7564704328649428246,0.0011588034676372665
7299062448965946657,0.0028116732804232807
7189955800851320070,0.4456150399974805
7517644986310020408,0.5208447272249355
7057221943623306501,0.9682311885351969
6980319450687868166,0.8886805232257398
7180432290151959814,0.00012125220458553792
7070218376328563973,0.6588388723544973
7345477638619778309,0.22712973183356358
7221953102184779013,0.0
7586689516153343288,0.006122645394642602
7189175939098561798,0.0018375482909213066
7457617290348072197,0.023351383377425042
7488241037907905797,0.7254397852891156
7325861199604665606,0.0029312366370094494
7086527236471311622,0.6992613777281745
7329985883539541253,0.9097206147119341
7062046390570061061,0.0272691427326553
7463089844516965637,0.007778823108490241
7182983364293430533,0.0
7087592356664315141,0.6821912646274455
7593673061476420920,0.3654273589065255
7184475894335950085,0.4950336750440917
7060513660975844614,0.8827373331781502
6897900291631402242,0.22980395518975763
7062415851231677702,1.0127314814814813e-05
6921676134212029701,0.000706175549052644
7199338065867934982,0.0015663795779019241
7175115192966106374,0.39941062745706607
6946128715000663301,0.0
6945377653587266822,0.3354475616054301
7174823379453644037,0.00016960668816137566
7059832468412583173,0.7202840497620526
7346623546229099781,0.06208856055408541
7176635190469512453,0.0
7415576931577433349,0.268866775294848
7072780188018380038,0.0785901276549807
6934012329067597061,0.5921706884957583
7068731699701484806,0.052792193700396825
7349173304613162246,0.6414792532110969
7081276473687985413,0.34148699371508384
7206417246502046981,0.10273522892883166
7064585014561754373,0.04770910924891372
7185872343988702470,0.06104455210273122
7087984641864502534,0.5352870803308774
7082815811529805062,0.9238481647314419
7082386924677205253,0.8816790674603173
7461940902890605829,0.4934815434186024
6895288761354112258,0.7044702054347114
7056858947935915270,0.5760524435468631
7079836018203020549,0.0
7328066217929985286,0.36644863438857855
7333701921573850374,0.3272152389819988
7597437745258073400,0.5959404624118164
7207818125402852613,0.012639988102627769
7080583186522098949,0.0
7066474035613388037,0.06437343841857732
7083159832185933061,0.7116972506724601
7079418950315969798,0.8747542083210821
7584927758497697035,0.4663030500542161
7339952469901970693,0.08568186352753392
7334734613429882117,0.4381201499118166
7070907935722917126,0.7011866869754134
7064244808700726533,0.0002617220133667502
7479794065983147269,0.039418979608148746
6980696986135710981,0.8969640261034337
7341020687345192197,0.698736241753217
7073513732395044102,0.6993112728282531
7175864609029491974,0.024267972144630664
7197470706416815365,0.39580292186318966
7470863926922579205,0.6249410789106145
7054255399968476422,0.395190508828195
7061273234259610885,0.6430258352176997
7187448552354794758,0.5677847125232776
7553173878785297720,0.0032809465745382294
7077597321667546373,0.3590057473175489
7086111451965869317,0.564176993733558
7085748815449312517,0.6693559195305006
7582952363116268812,0.9724371040154969
7070569241413422342,0.0027136839178564034
7267229404584037638,0.11445280170184151
7083882172154645765,0.6109663197215572
7059442492080491781,0.6920877976190475
7038692809985051909,0.0
7053136217717607686,0.8287749633367841
7334309352062405893,0.4297242989374521
7056423267564899590,0.9094066663123581
7061663961090936070,0.5751732067374051
7332928025517903109,0.017211989835505898
7079071645771500806,0.6657821229050279
7082037036730813701,0.07435722552910053
7065769954695564550,0.2651117641733913
7348384350297165061,0.0040103554281795024
7086144769222511877,0.22197177047902492
7577087400501857592,0.0018028846153846155
7426721230721453318,0.0
7527665793501318456,0.9660698784722221
7320606856995523846,0.015470387410085077
7072060893818899717,0.03369598149626082
7080535307816291589,0.5024147519808668
7537787296209259782,0.06292518042792165
7058348964306783493,0.9850046231636664
7076131060420988165,0.40925667287399137
7060191695681375493,0.607442575062648
7561497104322022667,0.0
7084552539126926597,0.16049122643849204
7083526112558517510,0.2987633423744366
6926459852134845701,0.5250991232153942
7058664802880589062,0.8426518639216498
7083930192657353990,0.5614347325677633
7073906588079246598,0.15922670717592594
7069844079122599173,0.23145812665343915
7580037763580415244,0.04985822876447876
7565955844764863755,0.9759332745443856
7179319229924084997,0.0
7540672667704118533,0.017110142668178382
7578641094464867595,0.12576506007495591
7087653844863208709,0.05049498849819258
6923874728902003973,0.1732567265912238
7078352231413697797,0.06827784324565486
7066872454249073925,0.39544879870011324
7067623396279930117,0.14721866594247882
7081323710442917125,0.044498181216931214
7201892299112992005,0.9611799736188703
7217463144069844230,0.06880233021556346
6942166804311575814,0.025165076039726876
7569526874024512780,0.0009556976725875534
7520150754858896645,0.8095425485008818
7054964457310539013,0.9775451243404717
7072415750589254918,0.0011098678827379945
6876847536938749185,0.010960624185261867
7338825965419662598,5.990721570431715e-08
7076502785742720261,0.027149429563492068
7059081815985818886,0.008908107720956883
7085367737178000646,0.7346151386877255
7593820955810598156,0.10973248494800221
7186344254921280773,0.6227516901822457
7071272326746230021,4.408611252186671e-07
7319511492888366342,0.03467716090208374
7080188060561837318,0.4647754745336339
7570044496004533516,0.05216148589065256
7074644027190103302,0.2982527351024209
7081701013891157253,0.006770941099386165
7085404371671846150,0.013937585674012001
7198947136300403974,0.0
7524995526518000901,0.7064632678158068
7214396955810680069,0.5535764100868268
7323237610665544966,0.754669101436871
7595900789546044684,0.8016843492798355
6918691694791691525,0.3966150076621664
7059747853035441414,0.935654791430461
7064650116321250566,0.9981283730774536
7041160388334980357,0.11988107881362509
7073547434244328709,0.6972294679044803
7325113581249301766,0.00047266190771777365
7053886455805955333,0.511863830048624
7063505399307144454,0.8227422805059523
7067985901011373317,0.9620230161063739
7575902535349816588,0.5576129062736206
7064977105032858885,0.4339990492724868
7075406881111444742,0.025211367717478055
7559134249731853579,0.2988134507275132
7545528304237841720,0.32061690238773577
7329596850804100358,0.035106408200565556
7332865581789629729,0.0
7343665662876781856,0.904643924988977
7467520617160396054,0.26570965926434675
6955020730140544261,0.5189703898677362
7216240671097736454,0.4543405839702137
7091569180054490373,0.36257080229671007
7110099088661548293,0.6534990113765275
7395222817677085985,0.8796777565192745
7259307845332602139,0.1820374503968254
7460568175726398742,0.10993458581349205
7191896362630302981,0.2926715693642777
7246343164108295450,0.30659308862433865
7384098121715813664,0.5666727201459791
7210806075354811654,0.33709700176366847
7464890614258158870,6.609623015873015e-05
7453016788465454358,0.0
7333568243367431456,0.018090569561157795
7391036925550906657,0.7083804708530584
7236674356540165402,0.24806528829966326
6919872357288971521,0.48456849394785845
7332521954538245408,0.9013094975644578
7463516081081027862,0.5794855827294686
7471186366500539670,0.0
7051617295818362117,0.15267436401643988
7456101045601570070,0.21729941716269843
7371436708778315041,0.3060286935286935
7384844059896057120,0.3761999244142101
7391169699821669665,0.2970362913683992
7164417550791494918,0.3602358649585822
7108626212104178949,0.9627192697505198
7511357874082286870,0.4821757762934234
7205961411942468870,0.3873533720972957
7397696022975188257,0.014569482154460224
7057846707651939590,0.5789858761487052
7114675214583155973,0.014636761868134833
7176549919933664517,0.00042843019731040563
7128317775524777222,0.3578675601633004
7085631257542954246,0.3623668139293139
7494590607797554454,0.843813244047619
7483554122663234838,0.878915210981567
7475642830430522646,0.0007221912202380953
7510326060676975894,0.24670397527415683
7158890098770119942,0.18012067986026323
7115325407318052102,0.8926241236718151
7161307348827426053,0.0
7070176633931549958,0.2727354675576003
7289115441602088225,0.045894021016227714
7094149805496159494,0.23619708994708993
7282668264617004321,0.45496596671075834
7391879654983912736,0.9423777006172841
7252271385467161882,0.2987284472755964
7444856032486116630,0.34179866985171253
7453132168940915991,0.7456182922979798
7152911692282809606,0.7728142223324517
6944298636553604358,0.08355174610848494
7082772534126513414,0.918798300744879
7252374564108274970,0.40205003490593766
7137955446320565510,0.018681338160063357
7369623012087172384,0.5639716469631835
7366182227119525152,0.0
7369882061445926177,0.0002681165058616039
7216007272311344390,0.008608462052682482
7246805127942737178,0.47637018927941543
7440140885246971169,0.33182060874118163
7241878874672385306,0.17887318121693124
7076134412487855366,0.03735925099206349
7379994182741429536,0.0001491804877221544
7040071170363788550,0.0
7205617494143339782,0.40086938042667214
7067959925141474565,0.6041573660714286
7190655063470116101,0.9048873965540631
7072437259127098630,0.3594141543577307
7036282180816932102,0.1934473582845615
7273016085954317600,0.031582350772365146
7446804107312008470,0.06295004546957672
7114309168302984454,0.004064059913614732
7251996103178997018,0.5555350754569505
7384476119744974112,0.1822259700176367
7462409528211033366,0.7042701655982906
7249677053153283354,0.024212274029982363
7125703838497131781,0.016081456587523277
7244559099352976666,0.4393997591914258
6943534360066804998,0.5906257987366269
7069805338601606406,0.18279699900793653
7249312172956732698,0.044068176807760144
7458380266004843798,0.005386648193760263
7163942959916895493,0.001638918566001899
7452742967695002902,0.9919135753259635
7107863534549110022,0.28318183581626316
7372567531258727712,0.21056738400488403
7067578500101803269,0.7129265873015872
7221070563538717957,0.9164420745149909
7080545682058169605,0.7016923983134921
7245182525016935707,0.1260569150499706
7246672390841715995,0.3604267501402919
7325764964172467489,0.005567214421381088
6940187794534960389,0.0
7249813717225950490,0.10973839401745104
7205134218328902917,0.1653057484567901
7096387117462359302,0.08670683415358695
7166666264092413190,0.0
7072774694214044934,0.6607511186116284
7215611067286703366,0.5474729938271605
7261658279900744987,0.4743129369803477
7351084194061126945,0.2155335838929589
7361717788299250976,0.9940948290866055
7439301301864877344,0.0002173721340388007
7494205664135236886,0.001572661761463845
7124683160218029317,0.18422777670754942
7242237385772240155,0.16909997795414466
7246301041979886875,0.21179013657932308
7574759080368114966,0.3264979122123365
7482898265906646294,0.124043867012617
7207842110316268805,0.006355628188775511
7584105481719844118,0.4471313814877803
7170730138965970181,0.9743010656130268
7484305196332436758,0.029321012259070293
7210817231368785158,0.043606859659242915
7571134268403895574,0.24217998331781504
7041603482742230278,0.5386278078939909
7587070120556580118,0.0007809875493407241
7575170897451945238,0.02899957540175184
7202277032938540294,0.7650231967787113
7061974363939261701,0.017453261836343735
7593727684606168342,0.0
7068682786437139718,0.10063145404942281
7204874673367125254,0.17462391386152165
7335861253551787297,0.4512093158577533
7216365794093976838,0.24268818204365084
7125076892729756933,0.0003384561439518336
7319902152686718241,0.7995825066137566
7418230327207939360,0.45157883755354
7095777172513721605,0.05391599348072563
7050500563045338374,0.7915010918240667
7228976565445512475,0.5540636306605976
7572605667299708182,0.006516264559827656
7051571825989422342,0.9890909184854498
7208952610336820485,0.00010075644841269841
7296889866002910497,0.0
7173695147639655686,0.9124370339012041
6927665892457237765,0.5025777903754094
7451599218545970454,0.029430757642563195
7429021024517229857,0.24456212797619045
7582921759985356054,0.8697249385865458
7199677935949778181,0.35500555217352087
7057548200625917190,0.4022750064699792
7587134900852100374,0.0021966034178677856
7264884699636469025,0.9733959573412698
7338070752501026081,0.001161830357142857
7150676745937587462,0.7055664062500001
7494193739187916054,0.0
7345515480288922912,0.0036718159486016618
7172507378498260229,0.6289478812358277
7054222416247000325,0.9822877397486772
7194484239583284486,0.09783543800434513
7037532518978964741,0.30340263999118167
7215252214514715909,0.6370251529431217
7592281951206133014,0.8187962274029983
7122480993948159238,0.8418355082417581
7291678102948810016,0.35118176610922147
7324741085438397729,0.29030186393467644
7182978974253944069,0.01090192153250189
7577096797580053782,0.7781115479853185
7083155569812589829,0.9552110874461419
7065713702833638662,0.007852206387362637
7493955664008498454,0.0009961970899470898
7301350531325365537,0.00019477333505866113
7305435593499086112,0.7970505691311612
7180392341839105286,0.0888461504393424
7262465807949647136,0.6598880828373016
7581507576219618582,0.10115648883009991
7342536344561896737,0.4475790895061728
7073511726888635653,0.5216830015051999
7300112308179701025,0.15638150965118555
7421927684965502240,1.7885760073260074e-05
7348413567797841185,0.9915925202546296
7575105754374458646,0.27749709031657355
7459503727737687318,0.8639660675125312
7203763760538897669,0.1353494162087912
7063127157068844294,0.5422573118753674
7296154996683410720,0.599733596743295
7571893908754451734,0.17848709393751291
7165908407793372422,0.6750492156498016
7018826174767942918,0.050191070123224726
7278768931857354016,0.9839068126286009
6796363351816555782,0.3620092500734862
7059302103713402117,0.9740842235331633
7165165100075093253,0.11161098939961787
7590184087122660630,0.00028494268077601417
7476157177149803798,0.11476298167293232
7082286078417259782,0.8292392998866213
7043009038623329541,0.1755848433123249
7293541624359996704,0.001070297910830999
7036807584111709445,0.7763442729899931
7049689395460312326,0.024933733258928573
7190456972418862342,0.5527560763888889
7461615118414073110,0.9884252542162697
7037757089799818502,0.07642231711525191
7442235405757336864,0.5527788849914966
7206342637316607237,0.76926183127572
6937251547290045701,0.24505952380952384
7480244111207976214,0.6769092452686201
7298393830204640545,0.4657871538561077
7020800251950927109,0.9939960068058881
7046370407758286085,0.5024829144620813
7038638363686997254,0.7063601190476192
7566313596351778070,0.5893026874390352
7028978217117682949,0.4356700217702822
7198194674354457861,0.35916551516439904
7178897418107358469,0.04888112363000756
7181124364987895046,0.0
7177417414542429445,0.7530067495748299
7145110811000835333,0.5981985632794784
7577374333048196374,0.9826945796039326
7194859372227480838,0.0013366284013605445
7487328540497628438,0.4081442212301587
6797039273053850886,0.9725259038800704
7054582233989958917,0.9950710720486112
7327333280297127201,0.8522908251842403
7603412461068291350,0.12337515156525575
7280925746183408928,0.9869495125948929
7042347189179403525,0.9642207510371573
7090931568486763781,0.030600840596655333
7069799098576112901,0.3550838603670635
7169238545779952902,0.00019448578042328044
7094187420819803398,0.17145296864216697
7493248933460741378,0.5534905937683715
7158468268074749189,0.11219553468088624
7062740749992971526,0.2552530647675737
7168935772777614597,0.9337762741815476
7188189006851575046,0.815028793092758
7593403675297467651,0.006104635141093474
7041969079246245126,0.41916139632936505
7302473271067397409,0.009371736633249791
6794470373212589317,0.01144017792302106
7294659855434911008,2.836782861292665e-06
6795606002222796037,0.550806994337696
7141029212244233478,0.40611485953282833
7055610539749199109,0.7283111669146825
7001054542804667653,0.5736813373447206
7057200753470950661,0.9536539655254739
7564069366606679318,0.0
7602968538319539478,0.5064756255511463
7293173989143366945,0.06533215048840048
7198558888940113158,0.702696449239418
7192617192850984198,0.0
7039780337739730181,0.002358703898225957
7322502255616314656,0.7304550205498865
7593661214027156758,0.24392498897707232
7290947930108857633,0.736395916005291
7026756047805205766,5.462254346182917e-06
7483220883759303959,0.30633887235449736
7579578853308337430,0.6177725128794208
7583420207629225238,0.281057575719034
6793765694619143430,0.39331577538422763
7606360801234013462,0.7876079007603972
7093581650163944709,0.8789662479575164
7068298283386506502,0.9764619373139881
7142874586755976454,0.7188238880621695
7463500754318347542,0.0
7239729661788359962,0.06317145130621693
7579287270092459286,0.08227360131295318
7403421764769926432,0.8913879703115815
7167386112040684805,0.01849647266313933
7345144791094660384,0.9305413575454339
7184459390143974662,0.0
6792133610360065285,0.37530208333333337
7564712687565802774,0.02152793942685703
7073146702995279110,0.7340723431299603
7565953021411216662,0.0027335710085269038
7566941841996647702,0.12283673119697909
7080915608727997701,0.07994644815162907
7580065942730738966,0.7347059274595505
7594911702613773590,0.6478025908472956
7304326742255209761,0.7901583581349206
7075734573933530373,0.1718227099867725
7221177538855423258,0.6190023084554335
7037974894553894150,0.05015305190058479
7287983702959869217,0.9208237942612943
7421838132624002336,0.008453693977591034
7018383080205356293,0.4875106956845238
7340684346040290593,0.26574516441566876
6796364077095472389,0.3255080567580568
7040105390410960133,0.41819041418650793
7078325137698770181,0.3217871610449735
7458336545490193686,0.5289078535509031
7076526059344104709,0.1109045902014652
7454233566264855831,0.79515712535014
7197824225988726021,0.5901070731026786
7043834307458141446,0.4607557043650793
6793347939294072069,0.9250635016486466
7286863155026808096,0.6150815467004703
7203019203857665286,0.6151701566043084
7187436390131453190,0.1606779498597247
7312484712440745249,0.17033705843448493
7162123924233358598,0.09514180672268907
7197080264625966341,0.5402409217877097
7223430604547837210,0.010669914124503969
6943540424141491461,0.5595789241622575
7485818484723567894,0.05197617430124223
7329560864518901024,0.6796405995624746
7294284376454532384,0.714562074829932
6792131260543225094,0.892791778533966
7577088828171734294,0.36426138225050003
7183477138249485594,1.5796249055177627e-05
7058313871718714629,0.8735499229845447
7289092371030002977,0.26267263210108605
7581205344420924694,0.631030976723251
7025927416061250821,0.24123969451286256
7480938335133863190,0.003923107328869047
7074987594026700038,0.5232326654620182
7592263862284586263,0.7211714806452594
7204395621468392709,0.3747611607142856
7288720379772800288,0.7872930161647993
6935817751898426629,0.7633083480305701
7377811070636920096,2.624506592760561e-07
7312851563037330721,0.6651608314043211
7210074063765638406,0.1637645709325397
7261562285791956251,0.030187712856534696
7060887870688529670,0.0005360524891774892
7326887540705873185,0.13471713027622595
7479068329584364823,0.6715415564373899
7396981634572078369,0.6257726586004773
7156881114106170630,0.34574683779761906
7535840388725378306,0.8793496349272156
7382840415893998880,0.030626607736857523
7261564389075995930,0.0428249007936508
7483430893965626646,0.8450079449152543
7179637090932509958,0.008528224818734076
7317653042533305633,0.13368143237934904
7466084820825787680,0.005180490938393236
7323194315415588129,0.6427689594356262
7572223162520177942,0.21461205096073518
7515834191922072854,0.3170944535221496
7518400955877199127,0.970841547534256
7261499359819336986,3.8826294406651555e-05
7590299923803884803,0.5175452348291854
7178872221375548677,0.7371914913665585
7055321327174946054,0.025767857995511626
7475273206497086742,0.7149907065316546
7546552028168719638,0.49472176737515783
7329087770905840928,0.3808251005842152
7075005822228499717,0.38514809826786084
7344271684406349088,0.7931186421327788
7314335987033738528,0.9871908068783068
7587833111010954518,0.8606993909062695
7444192177149742358,0.25735364754219503
7439254923365059873,0.0006892085537918872
6919824999914245381,0.9129727831445272
7569964600523853078,0.9361264644746787
7168038506772679942,0.35170549665178574
7054948838716493061,0.27727003801986344
7437476740533865761,0.9510483263521459
7229679892399426842,0.015434107132780317
7461582150937169174,0.9470943267353239
7580401530428394775,0.04977923525377229
7088705916027063557,0.06722115929705215
7306457226254781729,2.411265432098766e-06
7500939642972212502,0.35458588238536154
7446787674863684886,0.6684124228395062
6959192993014287622,0.641124657303952
7549175046128831766,0.8886926469066831
7393260705048268065,0.9832730024880325
7196211164093631749,0.0
7462724279965125920,0.5882646626136209
7146479472022277381,0.9992927547363031
7332775399883033888,0.0
7391769807764458784,0.5771031534052368
7415546238927523104,0.26384893077601407
7529912051498552598,0.006211062528577961
7357327030335114528,0.2736237294625453
7402923905754746145,0.7048529970115618
7331017914612567329,0.7966734182098765
7565230748026899734,2.718635531135531e-05
7173707401302920453,0.0008440681617764952
7431201197672975648,0.14571694563026907
7335348681832418593,0.9538696676587302
7130620750842678533,0.5642568503694582
7076423248698690822,0.47369003699570106
7332156358902500640,5.235890652557319e-06
7572210750937107734,0.08762378339538834
7338777101547490593,0.0023745864900727044
7211565992852475141,0.9916004372427983
7447515391426825504,0.11064015273599771
7297157611294706976,5.437977660199883e-05
7163303756447223045,0.0004692617787855883
7459384907962305825,0.5612260541399795
7324339550283664672,0.22622379102103804
7383600515478736161,0.004263354847047375
7063459529668742406,0.10674897693452379
7070550742880292101,0.004008556547619048
7486043762590895382,0.9599927799823633
7312547480120380705,0.311515072160149
7597370054556011798,0.0
7396708038398266656,0.05609673537624926
7517305745210232086,0.4304877530680482
7053545705868152069,0.00018513573958447437
7164769032430767365,0.45186363260582013
7464875419959921952,0.0
7059414649581604102,0.3752198040674603
7543616748017241366,0.896985229276896
7558085942557347094,0.0
7321969929564065057,0.15444563859494415
7572235624627899670,0.3505022780717225
7345753568462261537,4.276135741652983e-07
7277906809787059489,0.04736460170487948
7338875309913017633,0.0008623374118165784
7077597820538146053,0.5073969541742979
7474850979473640726,0.005397962136243386
7572210786991344918,0.10056460354203409
7334339873127632161,0.000231404933372526
7579238923172547842,0.008180656895374637
7057560274424958214,0.2001693620495995
7381446389819018529,1.7139128423695777e-05
7429721456851864864,0.2043509381091618
7348433044216253729,0.7527863894400353
7182218891702127877,0.5329930578519989
7476738167522053398,0.45291338879606435
7231544878478445850,0.05610080295138889
7322495223089712416,0.9101815526294694
7528398053666016534,0.6124266669116205
7392879054988397856,0.8318886133156966
7388136382436281633,0.761930042749789
7314256868556213537,0.0
7538076349500689666,0.8252072098426265
6994481888182144262,0.15730233550589698
7556260834817723670,0.0022033224941211053
7514333529551949078,5.905139833711262e-07
7342531903209114913,0.9958476223136719
7336662438282120481,0.9314396632495591
7369943098031443233,0.0
6921227616347327749,0.049539611875942184
7316431760194096416,0.7766870039682542
7553663983383858454,0.8127579919304779
7202617948983315717,0.14885600382128159
7444957131670949142,0.873416937364651
7038189746484563205,0.21260217465262857
6963197595422346502,0.08216905584005794
7145813168818900229,0.33438191582722837
7055714634526969093,0.4560168324456977
7084890005491010821,0.5042278955853174
7345850735894072609,1.4589169000933706e-06
7192237337412177157,0.5515364307760141
7019307301299424518,0.012904625606363655
7350265065762819360,0.9993041087962965
7067217215925275910,0.465979491652983
7073157554024566021,0.9284504174933864
7338699162768149792,0.41977559156378597
7195225752541875462,0.1780357257679306
7477287305078934786,0.8825419789829513
7354375095868984608,0.6140071097883599
7542515768215211286,0.8344593253968253
7309783088618409248,0.5513529547709235
7491219464474856727,0.6618808840264845
7554403190200945942,0.008593265052762259
7155814731897376006,0.18838451867816094
7336193209883839776,3.6259630557876175e-07
7385258008760028448,0.2693763451708367
7335020484637068576,0.694809165564374
7457889721201577248,0.9463165049970607
7327632037437820193,0.9813923059964728
7075788593930816773,0.9273158482142858
7400010201476123937,0.9712872712742504
7345082142235413793,0.991468253968254
7215238321247751430,0.6586467117228836
7514700901009886486,0.00019014550264550266
7319092525329829153,0.6180995554085832
7338384626773216545,0.5728044005444367
7473874393719000342,0.10113625311235604
7586610643130764566,0.7192088293650795
7062023531764256006,0.26250858516483516
7550653411583102230,0.9881889824071352
7317290713673190688,0.5096527495941559
7555760932794764566,0.022344552756690436
7304693853758491936,0.9412979089097916
7334752917439712545,0.6195722280415891
7426709076924484897,0.7552466140441685
7355500880721939744,0.9892922755521961
7523190975850679554,0.37407554379776603
6980260193653378309,0.9313618194469475
7337328365147295009,0.43170283564814815
7587702184708558102,0.0010739377010326732
7467185543240109345,0.9006413966049382
7401059521860209952,0.45354913666855634
6972416280762649861,0.03200438392302918
7538370537211432214,0.6125089561287478
7014030961486630149,0.09396667442582247
7483888039303843094,0.9782721856103552
7169948893805825285,0.6723101389600045
7393953054967581985,0.7247727581060914
7516934430083091734,0.20466826978375893
7465291116045208865,0.057095963771310994
7308389510113512737,0.42174851190476187
7467999174936644886,0.31175671443113306
7052727837165505797,0.03927942062980471
7582501864428604694,0.0
7512478582627732758,0.00036905051981806365
7087822626005060870,0.0404234871031746
7310606511775026464,0.0916406020355673
7064489288125189382,0.015996162643298062
7163552631053503749,0.42408983341600526
7318026666939256096,0.1487784942680776
7158447069152300293,0.36443263562283623
7193338808870456582,0.014829805996472663
7333604507793853728,2.6179453262786595e-05
7069326966159084806,0.955950359083851
7302352085796916513,0.37423067153592526
7342403362714914080,0.6686803029467959
7318769443222359329,0.9955291005291005
7081140277083213062,0.42223152281746035
7591860205567151382,0.9480191454475309
6982843678305897734,0.0036575413452159264
7337687297132973344,0.02431077996399177
7079069070078889221,0.6905017215219421
7506824474902433026,0.034551581412942275
7425904564697632032,0.09812127976190478
7336480513269583136,0.10193580325648778
7162174902865251589,0.0028750836222100587
7199586123952311557,0.5617981362773029
7001083090462346501,0.2714453367473618
7039259712038112518,0.3150983472998138
7508723396641852694,0.0014247134038800706
7567318876392901910,0.9029264150683423
7071521897082621189,0.514626865286045
6952049416425590022,0.7877808537288286
7045558641969073414,0.14496107036564626
7322866542985710881,0.7345565882298338
6978753193882832133,0.5426494930684874
7447835163444235552,0.9869875430280458
7296501143700606241,0.9174353090088603
7061519229182315781,0.0052077428193499625
7073510812542913798,0.9296445932539683
7547707789863406870,0.15516148589065257
7340682108735671584,0.03840969772682736
7394757283214806305,0.10116390306122448
7479081271746989334,0.5442572194185644
6883876793380572417,0.31601271950003834
7379167807679761697,0.010931933421516755
7162439514428919046,0.020894131668871253
7294200756586958113,0.6710099997124455
6895292772857826562,0.008193836282916743
6834056379355991301,0.035796549415376584
7413699830469397793,0.05001616696061141
7415541670361500961,0.007760337931468883
6922868220890254597,0.030993621905978232
6936835146301672709,0.4201342041446209
6887883845954178305,0.011010164299637984
6923976137928445190,0.6359239609692507
7183332234605268250,0.21043598328754579
7208551637869268230,0.39962126801436226
7111379317900332293,0.8351188409391536
7214862934139260166,0.049595940806878305
7470212560399109398,0.688243660094246
7324421973612825889,0.0
7584519298459176214,0.3914696318342152
7073916316566031622,0.9767954424945265
7171408287785782533,0.578250313283208
7475816575975623958,0.012303199404761904
7479481184100044054,0.9445832890447845
7203684040606633222,0.2692267151251526
7050043192732912901,0.9716013273125342
7219646733901450502,0.5105586557539683
7064507087086161157,0.8524469117747674
7159544328061275397,0.40290740482390874
6899015791086210306,0.6654260728086231
7295785443528920352,0.9056309937169312
7315824288173493536,0.3070067384897429
7471348371962334486,0.46074750212585036
7296075013734616353,0.502603546626984
7158057918431120645,0.4845030199579832
7326857703958105376,0.8399371598096456
7167014945626787078,0.0013716968795093795
7540185950714875158,0.4033490456238361
7210834532591963398,0.6798989040060468
7238904736253054234,0.19404983347505667
6895747396404284674,0.015404908877131095
6864458828012899589,0.5736611382444716
7254929536557567259,0.9447713862020501
7413269884840267040,0.7531473214285714
6883389583271185666,0.7279779309384573
7481977420220779798,0.7282250330687832
7415589341981986080,0.5975267305996473
6798648871401819398,1.4907637308320114e-05
6798641094109269253,0.6876847816198978
7065372841423801605,0.04501781798245614
7296417264591441185,0.017525559413580246
7187762825270463750,0.9882041325644841
7414059508630031648,0.48753403839244885
7341346159023246624,0.4350508732075761
6869621825035357441,0.40897014541715626
6958424996964355334,0.048366080614344505
7325106846744743200,0.5347740708080214
7478417820376812822,0.8821025545634922
7161744414979771653,0.06089130704365079
6876369843591941377,0.04997354497354497
7116158724288400645,0.09180121527777778
7213795540574735621,0.7324753373195106
7081711774084484358,0.036051643668831165
7456392986897730838,0.5668893273455216
7490119511731965206,0.8125628386370575
7533680078866238742,0.5256719752224291
6896055761982639362,4.467077637809345e-06
7517676181366295830,0.15498142211218327
7490984274049469718,0.7327773644179894
7278716528839626016,0.7824422710421889
7400784701633416481,0.7038677353657512
7579293926796922134,0.1873534358873865
7529820615637847318,0.3950737119801365
7246825881904139546,0.23355166492783866
7167309818519227653,0.2219800967261905
7471349532496842006,0.5080041956018518
6930236006654364934,0.5434739858906527
7255981234374069530,0.882497829861111
7208933349933452550,0.002269486156204907
7410359060681297184,0.9113540924738841
7123931386964184326,0.0070931432468820865
7442009228555930913,0.6019116598462303
6963263758630194437,0.1751330371922201
7167292362857794821,0.16808923498376624
7214113271018753285,0.4570407228284832
7288261263757446433,0.4271996963361209
7438966885879696662,0.0004037147266313932
7418133778406657313,0.8991324693457627
6891319697220898050,0.006349496426250811
6879407335484214530,0.15348324514991182
7270891504346942753,0.0004119543650793651
6979673025503366405,0.14943289910798446
6923235061999373574,0.41411702412446455
7412939421089090849,0.970967933614418
7146624079615790341,0.8682753433061822
7344802060019256609,0.5767782072918568
7120944943270530309,0.5158751195790816
7296124478130572577,0.02132411606617956
7468313844230704406,0.5197319653846488
7060539961459641605,0.9233738643483708
6964763152974187781,0.47295107995953745
6864806467329903878,0.03367820945945946
7353226118662589728,0.18403953556731337
7012661937477537030,0.3886936242948246
7042694987141745926,0.37621851276742574
6994839726846971142,0.40480606959962756
7175881254233967878,0.9493534363977071
7168426884852747526,0.42588504464285715
7079095510904229126,0.3521220858134921
7140150980246719750,0.8001438296454522
7252685251112176922,0.04748073838411481
7238235896724704538,0.15240673815822628
7297134358689860896,0.03724741211720379
7280571511138782496,0.01634778911564626
7309427596553489696,0.0025473460989334003
7345543122400726305,0.43963259204144617
7236043111128894747,0.056557863181504485
7239344688006728986,0.02449491370622323
7196711667420384517,0.7187839603433966
7412540786975231264,0.7118391106442576
7367273018181160224,0.6347905742157973
7310626433129270560,0.6082731993260267
7270111755886415137,0.0
7344270149593091361,0.2934563892897226
7399196283501628705,0.225658711787184
7587308013363449121,0.07505458469000136
7302809103150206241,0.12705276976110308
7269759073967525153,0.0008088583512966228
7350954462992682272,0.3396590667517007
7205658829403458821,0.4505477017195767
7108997263912979717,0.20196699704335325
7434931188642352417,0.44592450341402856
7135716231218318597,0.03967353351955307
7325097832015203617,0.0004458085317460317
7270778269899722016,0.1110588210978836
7276041559500475680,0.1110588210978836
7361799258107841825,0.0002468033509700176
7181547992061676805,0.19108766770597127
7423773390932135201,0.23693612213403878
7236760874646637851,0.5434496977397197
7378467106636991777,0.006448584931657848
7172555111879757062,0.009837639664804469
7077571361660521733,0.056902496508379884
7375160946618076449,0.10681763484714873
7485301680930688278,0.018823486184597296
7113851055355596038,0.901625758673012
7589754729350155542,0.08914930555555554
7403329560554523936,0.039089175485008815
7324696131143847201,0.037875309489892824
7289785625367153952,0.04059831022601085
7440142040542825760,0.4936993943294264
7229342870518385946,0.18016110315010775
7244550731141844251,0.5368570592349328
7242719682128530714,0.08277260179434091
7323972466445946145,0.0066092211383009985
7231978849448381722,0.3911922214873604
7184090635018784005,0.6073847978795895
7112440653350571269,0.8009445155700392
7286488221893020960,0.0801893187830688
7221875155184733445,0.3648344494047619
7331415350828911904,0.665916890025991
7164772525006720262,0.21086792061371548
7068640088774741254,0.021742024122947835
7568382003330993430,0.07342801658735085
7211431817205878021,0.07929178749491249
7277097435090930977,0.00028345458553791887
7201579247616494853,0.52868591670675
7452387800818666785,0.8909980572089947
7143162692004482310,0.673445453134699
7323612868484631840,0.8323204365079365
7036035511869246725,0.43590681277607884
7436650165861141792,0.5069794159947929
7324283735749266721,0.10105475639329806
7088619536202648837,0.8095843649483665
7454985264952266016,0.04609570197677837
7308758430318071072,0.0009723681139122316
7348379737519082784,0.2632870676562806
7391756601100651809,7.899764844209288e-05
7128322715894729989,0.9166076647527416
7294901504752782625,0.7401261436287477
7386194546062839073,5.076348278102665e-07
7098701138203069702,0.9552882863735729
7293176268361665824,0.06441355187908497
7319513643534568736,0.7801848111929957
7311663059695570208,0.8772454622281011
7226734943869750555,0.36205662669657235
7604808799404264726,0.8908392201711061
7285720218360368417,0.2688069517930629
7289368885390806304,0.08405902777777778
7235651777805290778,0.5771572611416361
7248301740670323995,0.03313911164388595
7280108212878200096,0.0
7306585450305555745,0.5297331073633157
7298264093100674336,0.10631643710221608
7213453348270378246,3.9269179894179895e-05
7368427984539127073,0.28854004526135674
7253425216984976667,0.49454730513380873
6956567938891599109,0.45578130636724395
7101649191662882053,0.7154773522179247
7219686321739123974,0.8423436858579639
7202313398300724485,0.41002268885949444
7210434710646836485,0.35296204438565554
7281279828307856673,0.10896503894767781
7318707614332849441,0.7981441457755942
7209925340557348101,0.025746497158534193
7436403924350864672,0.3573353825957992
7212710657672678661,0.0675616939484127
7044841251262237958,0.29767804393212505
7230327665918512411,0.6962815450254176
7442349120498519329,0.458311337512193
7474625701350509846,0.628027982026144
7360309213765045536,0.793647299776392
7436044441170857249,7.294414701013864e-05
7468715378743528736,0.27684003121229
7476404323317222658,0.5477418246047158
7352233957276044577,0.025410366493340632
7309856299632676129,0.0001884231701940035
7233784589523717402,0.0027464313271604937
7346110636008475937,0.5744120186654907
7377004580510436641,7.742294448643656e-06
7241209133540609307,0.5160195047804697
7553924193562266902,0.026377146237917887
7277939332831251744,0.02833399470899471
7362544046675447073,0.5639024555691223
7259455690996075803,0.014744481020522688
7355765566625402144,0.39795302353896117
7372534191776386336,0.15328502928949359
7291300657355689249,0.8100588672969187
7282663509505133856,0.4392739125642206
7444595106025442593,0.43404421210083455
7067063225736580357,0.39510407256850344
7191012677869702405,0.03159933035714286
7309091598472727840,0.5410012435240299
7214767845383900421,0.30323860012755105
7211130311667715334,0.48672798170194004
7215124561799449861,0.0
7317307650499251488,0.702413029100529
7288326750243704096,0.8147633180367119
7235266120414924058,0.35332301902242375
7374412100833250593,0.04870233534026638
7224934115089370395,0.2306451168430335
7184844462525287685,0.2084414498824221
7294149539781463328,0.09471450617283952
7341290377858567456,0.001867816091954023
7312076882822909217,0.5434373228458049
7195937456271691014,0.0006792756164965986
7320159598290226464,0.9828104332010583
7457582868370296096,0.6677880842151674
7254561581449612571,0.6996396880511464
7137227107456879877,0.020715976101800124
7374072615356353825,0.07304836398418385
7203810617180933382,0.598805931516125
7354275810578140449,0.7292195767195767
7401388090830359841,0.13280462648022173
7369936386000031009,0.12441258621504159
7310258308969991457,0.5611356371252205
7245708272181759258,0.7663048552754436
7382166710029208865,0.0
7130612533437762821,0.00013675512104283056
7213655175318211845,0.9501998091841841
7221552853356236037,0.3772544949049578
7213053350290459910,0.5621365017361111
7279032970286009632,0.27336941721132896
7325724813115346208,0.35623603344957516
7104552926231743749,0.5538368584588906
7357646734354304289,0.7058892861735743
7478288153153916182,0.9177636940192745
7257181704241024282,0.26474739124044677
7178804187403259142,0.782993954348121
7356509644170333473,0.5312892002865961
7593041331174362390,0.5611827829683854
7208839545989762309,0.4941911139455782
7387308322162052385,0.08156441588981271
7228647012009282842,0.6883343786640458
7361030582446378272,0.044396057033924685
7323108113698147616,0.6981186618165784
7319074307202616609,0.8440453425734222
7246768104922008858,0.0
7431168865142328608,0.179538635361552
7304665669872782625,0.5786784611992946
7283524894585883936,0.7338344525844527
7283139399582240032,0.19389576371484268
7553554500972367107,0.0006090937306021105
7337268516128591136,0.6775276642028367
7328709134126206241,0.5849293884220356
7259047429796908315,0.02161831167652246
7275592243086478624,0.28597470238095235
7198189694750838022,0.2260653659611993
7407736509996043553,0.6271051208388447
7218857185764216069,0.43865858843537414
7080140185001938181,0.9649408448708606
7188587993752702213,0.27260701155462186
7239735340737498395,0.8370665627362056
7264958192017362208,0.028999313363462675
7237511650532773146,0.8724652515327119
7433817907278269729,0.04207477435418611
7302041138670619936,0.020870390675763486
7467231080735690017,0.5262394141884085
7300495910595808545,0.45533348157270576
7183009043407965445,0.8416241059180875
7250555651993160987,0.0353177154778235
7129505006046170373,0.42762311691257227
7473095088948759830,0.1263797433035714
7471251146288418070,0.19372764709928128
7234190958772882715,0.27398253584847787
7095721528142155014,0.023364384878002194
7274647533002034465,0.10662667410714284
7366603470272515361,0.2913371170730772
7245239505911893274,0.240902984457672
7441626192760884513,0.17952601256983242
7127182082568113413,0.080661274053383
7290457107726339360,0.4395934860298895
7203048812351327494,0.0010108713624338622
7322488817968041249,0.6404818987780297
7242348894435167514,0.49368750000000006
7191848035784117510,0.2543481574487434
7297529063785123104,0.042913389314058956
7572922723836431638,0.5568969752166474
7187830945658031365,0.06603391993716712
7569206708090850582,0.7638707482699957
7437536576072125728,0.5836674080971102
7305093445926915361,0.3589017891589506
7369613653626113313,0.5375842565035274
7381115594076146977,0.005932172251616696
7449430237114404128,0.6859394908360286
7215656408069442822,0.01055049189814815
7394351547376880929,0.0206944800022757
7440465091817999649,0.7212371054710465
7192298503878577413,0.6573646125116713
7195215450970606853,0.7942516452740219
7354009165796216097,0.0429401018702234
7303174310259166497,0.5161509511211892
7326123173311728929,0.6063278194732
7204907848449527045,0.6937280601343102
7249004039688572186,0.1400083774250441
7133481707449142533,0.0
7285256841158790433,0.8051292558086037
7211932492914298118,0.8102849328388763
7220765448000900357,0.037117229036785146
7425965869924142369,0.33890708820179305
7198831282984324358,0.7986139294733046
7225632323146943771,0.5734073181741832
7200056336321613062,0.9285152540360874
7414443436134223137,0.7138626765048849
7456840693982465312,0.674562056182122
7583720650200730902,0.7777118698559671
7466117788898315552,0.4159280245217746
7208539932422425861,0.90879884004884
7311263969220644129,0.7487574864050558
7237872414581935386,0.4706493021108906
7441997259060825377,0.5119021206742707
7379227737271094561,5.268040858318636e-05
7340916267571858721,0.6571317576670587
7225296808900152603,0.10015554908557622
7262001980095106337,0.9854400903880071
7227138868447923482,0.11698416635172586
7301229129314159904,0.0028032223691945917
7220074643086904581,0.2792328650210084
7264173669612670240,0.00012405386537330982
7603273994216738070,0.1569230224273338
7111254884971744518,0.25695379699831516
7223080468101483781,0.5812187209031657
7234782434531839258,0.3192408828784925
7231163731080711450,0.7657462368094351
7316159323728661792,0.15170592928529436
7271545826923531552,0.47591275965118557
7290955653349133600,0.005731135046611237
7238653863794887962,0.38226122239019067
7233472157588753691,0.4323266143578644
7228975701066550554,0.35207060447635835
7299732621825690912,0.3120979583963215
7353535610641976609,0.46103106366003194
7320909330314775840,0.9022386385109599
7371791896622173473,0.02714273313492064
7271935381937884448,0.6096238032249937
7376630682824576289,0.33976878388529624
7365841944318086432,0.016459148071466912
7329423244992236832,0.8660595636145405
7350207537771220256,0.6028872818620625
7335091592077856032,0.33864707341269845
7574767270392532246,0.004008263113201385
7388867149407849760,0.017415297187715662
7041273346830454022,0.6921900103151131
7287986771483282720,0.8886546041628656
7302346370701118752,0.011162092151675487
7226428593075752218,1.7972164711295148e-06
7227881339125583131,0.32139094804946755
7545446733921209622,0.13932657513835672
7281651537124871456,0.8287663833562272
7255302948413099290,0.41814968555648385
7334381637586652448,0.00024145074696545286
7350708094302735649,0.32904359371063246
7456310839121874198,0.932705945032334
7332835826579164449,0.45752769510582003
7431962598909791521,0.11526992484236492
7180437054843538693,0.7107728450176367
7236382869650689306,0.1796225749559083
7241956873698577691,0.17001508508067148
7331811695360363809,0.17650614528218694
7265326628274752801,0.31574741809116813
7218219061707033882,0.2764580883793847
7537707440142454038,0.47353157976412164
7059301793574046982,0.9632049193047796
7304376408191683872,0.0021110126295182164
7227547227005209882,0.0
7303586993965960480,0.252011207349749
7250141865645788443,0.014510692239858907
7100934148864494854,0.7960451696973018
7452758752337399073,0.0
7338052242651598112,0.7344500574352547
7343256943923858720,0.22891903659611995
6969101040918465798,0.5917569214495952
7379193504355978528,0.0
7458325240628661537,0.003449635062358277
7429720640111791392,0.2914903537066596
7390632928780340512,0.0
7284876929713442080,0.07916639109347443
7222319662787202310,0.43759176587301585
7293822418068442400,0.3717379322904686
7070162555695615237,0.0036529583273647516
7040300833019415813,0.10119090917908133
7566297785914412310,0.9524239048505808
7480851478555659543,0.0006828112586539553
7556661292233379075,0.006300085427689594
7348717316856712480,0.18659911529023848
7365161137324805408,0.9323173598142961
7292048482456587553,0.03167449753821281
7177655896699325702,0.4725830805661984
7179688144382512390,0.27870324441505
7330883086684622112,1.5368504951838285e-06
7546473791115791638,0.9940876690182248
7300846195444927776,0.3875470594220594
7116439198285958405,0.18176145768673704
7351779832969104673,0.46219524557508185
7226043488738069787,0.15162942491811537
7197445468585037062,0.527711216252883
7013121880366255365,0.060545662631905646
7363657122795490593,0.7495668201397367
7207350500419702022,0.15788796947651115
7596993704146046230,0.012624076829805996
7078227199463066886,0.9999969371753406
7256066819247623450,0.6426269703483245
7317664309432077600,0.8025070801112469
7410298388022824225,0.2587730604657688
7469703437299551510,0.3302503720238095
7237120496020573467,0.8441712766792215
7465375886779403552,0.0924407976925338
7262342975752113441,0.0
7193034087660031237,0.0
7262720109133794592,0.0
7233097610821700890,0.03699229691876751
7358723892992642336,0.2297741087175611
7218493650160897306,0.9330040233686064
7575831202117045526,0.3843427062665344
7176917454893911301,0.628791973241843
7257040734174465307,0.0
7296115605927644449,0.0
7263464155540147489,0.07497340119622727
7392856168214957345,0.0
7463520186876939552,0.7643604746259317
7563724139240885526,0.06058559946324899
7258676118033599771,0.22140442251461986
7130906655885102341,0.4519564711359404
7103816728982916357,0.5544362367124457
7428251635102534945,0.10482831790123455
7316470398261021985,0.9671402767756931
7577768828214512918,0.9542481138545954
6876362124260691202,0.0
7487960173529582870,0.07599292465828925
7153997940774882565,1.0333994708994708e-05
6904609211431357698,0.4765709509112287
7307595143559859488,0.03159650048290921
7361057454454508833,0.061662508016674694
6874890977631390978,0.9109905937683715
7205976379370851589,0.303825463543117
7520640970199698710,0.2863018276338808
7496799936558796054,0.8727841618900647
7566270741134462230,0.30714607216343326
7602656035161050390,0.23710917816200555
7177404002508803334,0.20160314704585539
7298756408994991393,0.02005890014387821
7569927329154190614,0.9677414882330246
7138043316087606533,0.0707481907194551
6802558843114114310,0.005804621231208533
6893888228848389377,4.745982755242014e-05
7536170254989315350,0.620118000440917
7093894381794512133,0.00013640873015873013
7374727208394411297,0.10293001383667502
7343975400122354977,0.3026937935668094
7504292781637127446,0.18653929620726492
6958797242429934854,0.008331191483033311
7289470545270279456,0.5741283721993599
6980342168535846149,0.5526604205462445
7107270367303044358,0.04454698946886447
6940653001791130885,0.9981644747051521
7478712216724802838,0.5285286672140121
7063121025394855173,0.7535180725250626
7462655968522931478,0.9708351194558756
7416286728513735968,0.13083614811665406
7164792237543394566,0.025445156695156696
7208566584535764250,0.0
7067569943449046278,0.7771434771825396
6855731886438763781,0.6138560405643738
7101685930276293894,0.14835990844196154
7096121724990655749,0.2460581715325019
6847902541095668997,0.21185043461829176
6896446483080482050,0.12281899127963943
7166637213604678917,0.018104469797178127
7311689753676533024,0.010109861845972956
7322847358646078752,0.4976807384359466
7348097820320173344,0.07624804515266755
7442737337525669142,0.13799384337068163
6891645296233794817,0.007385071474983756
7590718903144287510,0.0037813234861845966
7114705253899029765,0.007409598214285715
7185555102487416070,0.6653672758133443
7424512450856357153,0.8928662205622989
7071272731286834437,0.7736827601410935
7156608613346184454,0.12186986863711001
7079814734664436998,0.45455522486772487
6923969706332327174,0.5577088025525525
7019559155425955077,0.11956909260686228
7162183685423385862,0.025653108465608466
7470850262840691990,0.9165757275132275
6800982671657880837,0.6792528459195126
7143619564775968006,0.032685185185185185
6936943102523378950,0.795244708994709
7571821778746592534,0.3899886719734189
6852640471013920006,0.2633148699294533
7286486663910542625,0.39047132201646095
7335847049495203104,0.7364759324394741
6927911225066130693,0.47987873086074895
7224139299594194203,0.6821721367945325
6883561429727726850,0.0005916356300434513
7568823330518748438,0.5121079512051735
7023313220278553862,0.06676476456504389
7226766521719213338,0.4315416770006614
7546523294489414934,0.8259471165541565
7272755309658098976,0.2737808737000547
7511669950990290198,0.0
7470159373935856918,0.003403038847117795
7439731424854379809,0.0020712770061728394
7335855508873694496,0.551204561042524
7528439846218550550,0.15384833370076426
7393316600922885409,0.3668414935418612
7459403430122097942,0.8331552656870039
7438288130567949601,0.015070271164021164
7488659236717628694,0.6834805927579365
7356608348030012704,0.2170892331048581
7515407893357759766,0.008334626525967309
7496845046814166294,0.49360473588342446
7414109220523511073,0.4158618869556369
7400379104962284832,0.7675200088314842
7306559173217488160,0.653686388521458
7343666836812123424,0.8721182698902606
7261996739446590753,0.4553389845521542
7433411068988280097,0.8737681878306879
7597116010528902422,0.9580793237433862
7407843953539583265,0.047782554379776604
7447927530448915735,0.43365885416666666
7372168611449900321,0.4315691596854791
7455305851092389142,0.001732306322150072
7395950056001572128,0.9054371739050557
7407351220127419681,0.11895838844797177
7524285666692271382,0.4046838144009932
7315068001533840672,0.5003372802066228
7358820174952172832,0.7736015808715463
7530943991257386262,0.18764642122281008
7350310562586283297,0.646408454585538
7259698322791795995,0.1673611111111111
7475687308797299990,0.0
7548437152137350422,0.4869059429327287
7332509276432289057,0.7140598426870748
7462683592603340054,0.5093943452380952
7545851939586723094,0.7762840398505081
7519058140860583190,0.16458664021164018
7325862287540096289,0.4246589453682707
7451629003380755734,1.8601190476190478e-06
7450432979526012182,0.4324065216364323
7458331354212666646,0.20107252102229778
7354350552693656864,0.7923900462962963
7537717748512705814,0.6134368428639262
7434514141697625377,0.0011529887338076995
7307282681899896096,7.967659688674181e-06
7391864864840387872,0.9095315806878307
7260814503728696602,0.08528409627739986
7410754655682153761,0.9263738134142546
7324725007391804705,0.7487606371252205
7309107806202842400,0.3327336516203704
7254588789559938330,0.5332525872564935
