id;loopable;mae
706984407912259;1;0.9862683776627719
716590840779337;1;0.9996930444764535
716893577277761;1;0.9998506878488886
721271065767267;1;1.0
726787999100476;1;0.988023360240103
729641726459144;1;0.981147603215172
735020753777122;1;0.9570408210391651
744783516344423;1;0.9724542737476712
747673816752205;1;0.9910425847502993
747948118410004;1;0.9836923694666444
748093833513386;1;0.9706732396373104
756731887639290;1;0.9830735877527751
759737005455601;1;0.9789624091059828
760410108977586;1;0.9571576887358652
673980477101377;0;0.37703678334558755
675098314187322;0;0.5150776909847299
676467853734661;0;0.395753473390675
676886077752582;0;0.5199924763798884
679213126054322;0;0.5423855641683634
679213361036006;0;0.22653842851729192
679334793929407;0;0.48424923505753464
679376569461914;0;0.23053956047564625
679447037321258;0;0.6608708909707666
679560600222279;0;0.7033075599822951
679636335181655;0;0.4041445790665948
679636407709547;0;0.2831793157685445
679703927305385;0;0.3708915175368707
679864109410926;0;0.1881715235424187
679864887140181;0;0.6623245406181592
680098267165788;0;0.27596861624581615
680255884311411;0;0.30394649670556884
681417572370468;0;0.00038012217980102237
682154736588790;0;0.1480580783487605
682597587994082;0;0.6913259597062953
683405637935599;0;0.09744058424915941
683442053754508;0;0.32557925064608395
684790254109566;0;0.10494380849036242
685264047101392;0;0.19558973523727108
685573188643876;0;0.08731610271117178
686076621399209;0;0.38316783543473476
686445882801289;0;0.10540774713033782
686480646732990;0;0.28872363327757516
686962182503535;0;0.3565919379270646
687489097763139;0;0.47763175872115105
687561042257835;0;0.21658549559603252
687569901952029;0;0.5137500878449104
687636212426069;0;0.1468408414728725
687636984359194;0;0.28547985297165746
687684753693874;0;0.05414432055417562
687821936739026;0;0.33463329853962287
687940733548421;0;0.5660862268298219
688011794243295;0;0.44812834666504636
688079211532914;0;0.44126777013158947
688338958327118;0;0.2774618570547868
688356142972772;0;0.11010887326097667
688387679338057;0;0.4182934400117294
688573512401355;0;0.135528494093674
688598438567012;0;0.18532967973468611
688607631528855;0;0.4478412646151873
688788384595417;0;0.3335022432824543
689131969722089;0;0.999795762759435
689164529623379;0;0.3985311768308612
689388822884838;0;0.593307754669371
689453088610504;0;0.38120062921304526
689528876135411;0;0.3628284808069418
689529277285782;0;0.6865545224892439
689574739640428;0;0.4102637557218625
689605576198263;0;0.47755643537533954
689644648308048;0;0.14529315715925006
689645561752381;0;0.31076855274401227
689790029163140;0;0.1698868485376046
689901579108621;0;0.005219231225945494
690460921143135;0;0.19595196740897958
691392949030542;0;0.6645978288352711
691504565499791;0;0.24414535921932512
691869169479169;0;0.26948409878851304
691982499991424;0;0.23036971140808601
691987235728897;0;0.2703517991891673
692016057942448;0;0.2546430586261883
692122761634732;0;0.7445071309075977
692160409955311;0;0.3798592590945007
692167613421202;0;0.4738295213857384
692286822089025;0;0.4339987123247019
692323506199937;0;0.2703112678186547
692325808552811;0;0.2527624210888151
692387472890200;0;0.17330186408784834
692396970633232;0;0.3157654640608756
692397613792844;0;0.34805250897181056
692645985213484;0;0.3444401737528429
692754722948605;0;0.40183854382032663
692766589245723;0;0.2773217638766435
692791122506613;0;0.1976257209170985
693023600665436;0;0.0880771145252215
693401232906759;0;0.4572386510019568
693581775189842;0;0.4541107762026716
693683514630167;0;0.5404236020093102
693694310252337;0;0.3291298014246347
693725154729004;0;0.141216695295247
694018779453496;0;0.5681526923711301
694065300179113;0;0.3884584173330797
694216680431157;0;0.2095827629260437
694353436006680;0;0.3213768585453965
694354042414149;0;0.5172860900880372
694429863655360;0;0.16946350254852804
694537765358726;0;0.6418362963939299
694612871500066;0;0.44565453410238015
695204941642559;0;0.4815060694673033
695502073014054;0;0.10752727105168611
695536424121377;0;0.08211898565864359
695656793889159;0;0.17753269249371512
695833815461722;0;0.17873135283748443
695842499696435;0;0.4293593744616659
695879724242993;0;0.5198862985051166
695919299301428;0;0.5324306040744339
696319759542234;0;0.09606336646776406
696326375863019;0;0.2088192091715176
696476315297418;0;0.23804416740881118
696910104091846;0;0.7042318640240991
697241628076264;0;0.3586555258869058
697875319388283;0;0.15120859746113233
697967302550336;0;0.40293805797300597
698026019365337;0;0.28814276885052115
698031945068786;0;0.23239446664325217
698034216853584;0;0.0017955784647078253
698069698613571;0;0.13892524490641286
698284367830589;0;0.044006129960924824
699448188818214;0;0.37817692192573854
699483972684697;0;0.0004659801151293428
700105454280466;0;0.18551930575902947
700108309046234;0;0.14118671293685436
700441449308624;0;0.39355297383293086
700786340812921;0;0.23938879869115184
701152230919851;0;0.429450430570346
701266193747753;0;0.15344880644517456
701312188036625;0;0.302162103297906
701403096148663;0;0.24230875888007675
701486884963590;0;0.6748574083049946
701811122676077;0;0.1812080471762132
701838308020535;0;0.5730166468051374
701882617476794;0;0.7406682992253699
701930730129942;0;0.5073715848816398
701955915542595;0;0.10168917301036859
702080025195092;0;0.6972110347134278
702217803737873;0;0.753760895608345
702259686637419;0;0.5865971857182921
702292549196348;0;0.22932944997783758
702331322027855;0;0.13807905462035747
702592741606125;0;0.22597584082869845
702675604780520;0;0.3744784712197591
702677406722305;0;0.15643833229174534
702751163306069;0;0.4573294344892653
702897821711768;0;0.20147435700469718
703346669624549;0;0.6833835552261489
703603551186924;0;0.562954613401347
703628218081693;0;0.22662195686459458
703632640515563;0;0.30077710511275035
703680758411170;0;0.20554980548691912
703753251897896;0;0.29126569327689045
703775708979981;0;0.023908362745890126
703797489455389;0;0.39828523433207674
703818974648456;0;0.4478108457555603
703863836368699;0;0.26327356079144804
703869280998505;0;0.6507894260797441
703870729739619;0;0.4203673064739119
703900570784430;0;0.24342259867047042
703925276989461;0;0.4734150804654812
703925971203811;0;0.5703304737746674
703978033773973;0;0.863607186689747
704007117036378;0;0.6627088634107474
704010539041096;0;0.7257956015425066
704030083301941;0;0.12679033006362514
704081087428147;0;0.29787517987216566
704116038833498;0;0.380195898058425
704127334683045;0;0.44791002722319634
704160348274223;0;0.30996523212357524
704196907924624;0;0.08358222057782644
704234718917940;0;0.3946730752021199
704269498714174;0;0.21971079544908262
704300903862332;0;0.6461559094399159
704383430745814;0;0.46830416351201365
704484125126223;0;0.09419372522112447
704498207728818;0;0.3641007424122842
704555864196907;0;0.44585785959273
704637040775828;0;0.44482397608061486
704968939546031;0;0.5030826049235587
705004319273291;0;0.6722037594336439
705015658165210;0;0.09836333319860242
705050056304533;0;0.3078681491910728
705157182598942;0;0.6061517910814272
705161729581836;0;0.4324418078150762
705272783716550;0;0.18991980428219155
705313621771760;0;0.34150812492217036
705354570586815;0;0.26918013129221346
705388645580595;0;0.3281711999214887
705422241624700;0;0.36437425918693017
705425539996847;0;0.5586846014385033
705458223398995;0;0.4021617441724062
705494883871649;0;0.1933398696604513
705496445731053;0;0.5006799895545417
705532132717494;0;0.25920061366169783
705561053974919;0;0
705571463452696;0;0.49233407608815977
705642326756489;0;0.3178771442428005
705685894793591;0;0.4508324470014436
705720075347095;0;0.9855430029141404
705722194362330;0;0.3950232919170547
705754820062591;0;0.06188666776114614
705756027442495;0;0.6504329210649434
705784670765193;0;0.13484344903239473
705831387171871;0;0.43191734461269427
705834896430678;0;0.37037863319389364
705866480288058;0;0.23215689202651701
705908181598581;0;0.5862211223432923
705930179357404;0;0.5757950912339741
705930210371340;0;0.431366395473305
705941464958160;0;0.5016461582946666
705944249208049;0;0.2857191154030454
705974785303544;0;0.3847993011738742
705983246841258;0;0.4069100065389049
706019169568137;0;0.38980174461162514
706051366097584;0;0.3785006144847514
706053996145964;0;0.3157668285102878
706088787068852;0;0.3867334261701268
706127323425961;0;0.6904536937527653
706151922918231;0;0.2354974276256098
706166396109093;0;0.2790577685714515
706197436393926;0;0.5476215140577633
706202353176425;0;0.10658554746287212
706204639057006;0;0.4312677092115641
706241585123167;0;0.39727618416706617
706274074999297;0;0.2104094809335823
706312102539485;0;0.22173482245701287
706312715706884;0;0.2175563363198825
706345952966874;0;0.2792417344519715
706350539930714;0;0.4033336404424483
706424480870072;0;0.8527979198875396
706448928812518;0;0.78981746815873
706450708708616;0;0.594375781227309
706458501456175;0;0.6437149251117091
706465011632125;0;0.8299850443164232
706497710503285;0;0.42262467886106836
706537284142380;0;0.21956534882776954
706571370283363;0;0.1308309925994641
706576995469556;0;0.5989536941995796
706647403561338;0;0.532028185198196
706687245424907;0;0.44195374236453555
706706322573658;0;0.31161010623132346
706721721592527;0;0.24941377524092165
706756994344904;0;0.28137403853076953
706757850010180;0;0.2646296835672336
706762339627993;0;0.6444522610653683
706795992514147;0;0.40506896556330824
706798590101137;0;0.560412772397369
706829828338650;0;0.41016350865469836
706864008877474;0;0.3460916080415019
706868278643713;0;0.2736769572646253
706873169970148;0;0.2620805644476329
706932696615908;0;0.5741307907906195
706979909857611;0;0.9701692987385605
706980533860160;0;0.25976122735795637
707016255569561;0;0.29630739565820624
707017663393154;0;0.1229044433201875
707021837632856;0;0.6684428177192455
707048606218273;0;0.4885991885180192
707055074288029;0;0.3395861332260968
707056924141342;0;0.6509421098933739
707090793572291;0;0.34270475491750324
707127232674623;0;0.4161732955886645
707127273128683;0;0.4963372076671628
707152189708262;0;0.20535577883455733
707206089381889;0;0.5079235119882809
707241575058925;0;0.8306179875839833
707243725912709;0;0.13767811686089176
707277469421404;0;0.21980819548560124
707278018801838;0;0.44205751759565276
707314670299527;0;0.21230496782330202
707315755402456;0;0.4256330746304365
707351081254291;0;0.30739761584872843
707351172688863;0;0.42505031269229365
707351373239504;0;0.4037839387319601
707354743424432;0;0.34713265019591366
707390658807924;0;0.20657895213670216
707391631656603;0;0.4907841804512265
707464402719010;0;0.18600244704145777
707498759402670;0;0.33148787994220574
707500582222849;0;0.41698546478936566
707540688111144;0;0.44413799512457813
707573457393353;0;0.10566607518017553
707578859393081;0;0.7203198742910372
707613106042098;0;0.3556377850552895
707613441248785;0;0.10512607004862584
707642324869869;0;0.24697317954430392
707650278574272;0;0.23277047345850777
707652605934410;0;0.47718736006016604
707757136166052;0;0.6930609380221657
707759732166754;0;0.2784035687025669
707759782053814;0;0.3233588879247442
707821642713147;0;0.4211335202871594
707822719946306;0;0.6330421554181259
707832513769877;0;0.061405081830703624
707835223141369;0;0.6723395023270625
707906907007888;0;0.35253717878906443
707907164577150;0;0.3223257501707745
707909551090422;0;0.18245435537459986
707941895031596;0;0.49439402336023586
707981473466443;0;0.2129764012582205
707983601820302;0;0.9155964484107871
708014018500193;0;0.5797775847828226
708018806056183;0;0.27586850647348027
708053530781629;0;0.4383029370662933
708054568205816;0;0.3298304475277174
708058318652209;0;0.7101430669636842
708091560872799;0;0.05957095442686573
708114027708321;0;0.441337822072811
708127647368798;0;0.48382771543022496
708132371044291;0;0.2755038588663162
708170101389115;0;0.45536991691830986
708171177408448;0;0.49365238763755076
708203703673081;0;0.48661368496554136
708228607841725;0;0.38585325437256685
708238692467720;0;0.41966589389212017
708277253412651;0;0.0007153404479576114
708281581152980;0;0.4146060272212825
708315556981258;0;0.6522071776394537
708315983218593;0;0.5082314114537676
708352611255851;0;0.4224912660976697
708388217215464;0;0.12361855872609875
708393019265735;0;0.5339775070423497
708455253912692;0;0.47420383941728633
708489000549101;0;0.23556137743009026
708536773717800;0;0.4112184985301387
708540437167184;0;0.28703650059078045
708563125754295;0;0.04060865126431296
708574881544931;0;0.5053829483756472
708611145196586;0;0.1705568103034834
708614476922251;0;0.6394430494472603
708652723647131;0;0.27727561057935507
708759235666431;0;0.2800046503429835
708765384486320;0;0.172411846780786
708782262600506;0;0.31696487323269934
708798464186450;0;0.22454891889986547
708861953620264;0;0.2524550977616354
708870591602706;0;0.3457524006783588
709093156848676;0;0.5861267611249056
709156918005449;0;0.22785120859315292
709358165016394;0;0.5770216883067564
709380481286467;0;0.080081716209657
709389438179451;0;0.053145971653155794
709414980549615;0;0.15302579050022297
709418742081980;0;0.37062115607951085
709427015427560;0;0.41262548396373294
709572152814215;0;0.27644051694531535
709577717251372;0;0.5575326864808241
709612172499065;0;0.20772585637151417
709638711746235;0;0.14090418852629438
709870113820306;0;0.3764641415352536
709940697643771;0;0.21771970071608643
710093414886449;0;0.14509403530303033
710164919166288;0;0.39691607703783943
710168593027629;0;0.22241277898061362
710381672898291;0;0.2847218169141562
710455292623174;0;0.1724482576456305
710727036730304;0;0.20853639876227315
710786353454911;0;0.6804333551422095
710862621210417;0;0.4570016046629417
710899726391297;0;0.035798880069837224
711009908866154;0;0.31114722942047746
711125488497174;0;0.45864494623315816
711137931790033;0;0.4850486881799312
711244065335057;0;0.1465294830785622
711347233191729;0;0.1939310050888314
711385105535559;0;0.3857508434275887
711430916830298;0;0.1381270313881806
711467521458315;0;0.33070588160022774
711470525389902;0;0.12809701565751871
711532540731805;0;0.4479386977404203
711615872428840;0;0.23019817636375203
711643919828595;0;0.19102846556518885
712094494327053;0;0.26047606297806447
712248099394815;0;0.16607704449345045
712393138696418;0;0.034297977934236744
712437469052041;0;0.2470562895930487
712468316021802;0;0.8952465872384113
712507689272975;0;0.030120972195645045
712539215806395;0;0.5917578493383802
712570383849713;0;0.14434825499811865
712718208256811;0;0.30627828509405053
712831777552477;0;0.05401429596825814
712832271589472;0;0.32049737811523626
712835386396644;0;0.2198868497078011
712950500604617;0;0.20798430254985462
713016926745407;0;0.21565468541909355
713061253343776;0;0.6622642028022887
713062075084267;0;0.29972684709915337
713090665588510;0;0.16760864023740205
713251403627662;0;0.06404658167942917
713348170744914;0;0.5970694470462606
713571623121831;0;0.7235592650850533
713722710745687;0;0.3772624416297032
713795544632056;0;0.09862624701724998
713804331608760;0;0.2867789195068168
714015098024671;0;0.384464477319555
714022288538953;0;0.00236873850068166
714102921224423;0;0.23338128704415978
714137090515385;0;0.1708158539172958
714137184524843;0;0.15625984085744923
714287458675597;0;0.2876755715252933
714316269200448;0;0.1826039055656269
714317595897818;0;0.15838331061260022
714361956477596;0;0.519803816693292
714511081100083;0;0.16034696762375053
714581316881890;0;0.05404336526891096
714647947202227;0;0.5624329361254058
714662407961579;0;0.5032588060032781
714871959648736;0;0.3862620185121745
715067674593758;0;0.28447434623744483
715291169228280;0;0.1848741595481187
715399794077488;0;0.35623299629202326
715581473189737;0;0.13167840229547284
715656244282946;0;0.15473271723497575
715660861334618;0;0.5620781915502752
715661432319487;0;0.10656062947032145
715688111410617;0;0.03893629222807869
715702134136175;0;0.27527093352524273
715805791843112;0;0.0005606620395681495
715844706915230;0;0.4085053067372494
715846826807474;0;0.502886770945361
715889009877011;0;0.09249186948828352
715954432806127;0;0.636911893271379
715962144431228;0;0.36977989654092197
716130734882742;0;0.5557528003672826
716135412084942;0;0.09063260508220015
716152379115423;0;0.8625239214877164
716174441497977;0;0.9975225285473773
716212392423335;0;0.9957387154650714
716217490286525;0;0.4108342212381762
716218368542338;0;0.4594094967362247
716243951442891;0;0.8079535240669942
716330375644722;0;0.813656275449043
716355263105350;0;0.3797614750265716
716394295991689;0;0.11028885143718421
716439766647287;0;1.0
716441755079149;0;0.22593025058295121
716476903243076;0;0.00011172026871248546
716477252500672;0;0.23575130379861708
716479223754339;0;0.21200340991733652
716516510007509;0;0.3463065622100301
716588670258040;0;0.21666205292691787
716663721360467;0;0.26222063798059386
716666626409241;0;0.3075268243328843
716701494562678;0;0.26913145104534475
716729236285779;0;0.44526017341682433
716730981851922;0;0.2620518007235011
716738611204068;0;0.9999932513660481
716803850677267;0;0.3579790828166137
716842688485274;0;0.4274332365354133
716891605716659;0;0.24269042195811075
716921812091620;0;0.23871971968344424
716923854577995;0;0.26563734684238266
716994889380582;0;0.4087906080374481
717073013896597;0;0.4299118444533176
717140828778578;0;0.7948081557076887
717144972615858;0;0.9528616960216734
717250737849826;0;0.20426078795629057
717255511187975;0;0.0024230325568286503
717369514763965;0;0.3759517039897048
717370740130292;0;0.3218287344854886
717402229597800;0;0.4620074018777342
717433927114110;0;0.9922625800755189
717482337945364;0;1.0
717511519296610;0;0.24715655475288992
717586460902949;0;0.16682129143076788
717588125423396;0;0.9887626668633784
717619907117721;0;0.4120744266555636
717654991993366;0;0.16398392629395964
717663519046951;0;0.7894246915458564
717691745489391;0;0.5264825211608416
717740400250880;0;0.09434005800301642
717741741454242;0;0.5525374934363949
717765589669932;0;0.4486619862392103
717880418740325;0;0.9958828068639239
717887222137554;0;0.5561225388846333
717889741810735;0;0.3519129681416407
717931922992408;0;0.5965706700500266
717963709093250;0;0.3130759452627835
717968814438251;0;0.2105372239823755
718039234183910;0;0.2751102275636191
718043229015195;0;0.9968052249294622
718043705484353;0;0.353632150903912
718112436498789;0;0.6733809824667905
718154799206167;0;0.46909423774364234
718221889170212;0;0.26999162313664216
718297897425394;0;0.4399408925128858
718298336429343;0;0.14348671487650227
718300904340796;0;0.8382816566858474
718333223460526;0;0.9444092870665657
718347713824948;0;0.49106180173824227
718368130520333;0;0.33044075075430074
718409063501878;0;0.4176884390241202
718445701421765;0;0.4241066919024847
718445939014397;0;0.26002184402353806
718446086440422;0;0.5019868541688818
718447589433595;0;0.056590021140020964
718483136442281;0;0.4501328144984648
718484446252528;0;0.5814460159966801
718520034031096;0;0.3701440204581554
718555510248741;0;0.2383271870458772
718555579644327;0;0.03867571316093974
718587234398870;0;0.00825884469569521
718634425492128;0;0.9462417658908415
718743639013145;0;0.11331421957543318
718744855235479;0;0.09860012672964932
718776282527046;0;0.5795723240939672
718783094565803;0;0.5328037717514835
718818900685157;0;0.9994960891630759
718858799375270;0;0.07092143621983413
718917593909856;0;0.26171104683610885
718952821942559;0;0.35134946177900583
718992798417266;0;0.785650326387107
718995580085132;0;0.1644513070122357
719028334637361;0;0.10300175336141822
719045697241886;0;0.9826539930455255
719065506347011;0;0.225404094736192
719101267786970;0;0.45157830583648156
719151588333066;0;0.2489517128334294
719184803578411;0;0.277989525886658
719188421759521;0;0.40402128239412644
719189636263030;0;0.18051300226883643
719217278772378;0;0.38924831745964406
719223733741217;0;0.2700198729268663
719225418596904;0;0.5995687951252607
719229850387857;0;0.4524654638782445
719261719285098;0;0.9651146298307732
719270968128078;0;0.34067498439948285
719303408766003;0;0.637013216335435
719333880887045;0;0.5861514747334706
719375154774922;0;0.19967950911888332
719380871928776;0;0.5383793327886937
719448423958328;0;0.5717968931520951
719450163011127;0;0.34221536759299015
719485937222748;0;0.9124458366640477
719521545097060;0;0.3743989304034798
719522575254187;0;0.5657542910477616
719560736581363;0;0.310483468800173
719593745627169;0;0.2536455360197275
719621116409363;0;0.39284616375278736
719671166742038;0;0.5774023094586405
719708026462596;0;0.3726216625084911
719708654247985;0;0.28928823255789626
719744546858503;0;0.24943401856312417
719744808411950;0;0.6217592423036709
719747070641681;0;0.41869195254017594
719782422598872;0;0.44799421312811655
719818969475083;0;0.2531136681909471
719819467435445;0;0.25700806263798
719855888894011;0;0.12072426582959046
719883128298432;0;0.30775513110990027
719894713630040;0;0.2071196796301941
719933806586793;0;0.7590233121151151
719958612395231;0;0.17095302612091315
719967793594977;0;0.11505059608171594
720005633632161;0;0.8701525811718469
720011233187389;0;0.44787761867241915
720041826962958;0;0.41375978499106836
720157924761649;0;0.11940376855003702
720189229911299;0;0.5271698352820334
720227703293854;0;0.6468231982800758
720231339830072;0;0.7567769009116803
720261794898331;0;0.3296801414596569
720290989821932;0;0.44848465906238716
720301920385766;0;0.9998018082225933
720304881235132;0;0.71992047868414
720368404060663;0;0.1587529647767876
720376376053889;0;0.3976792466265334
720381061718093;0;0.43233110380208906
720439562146839;0;0.192251369799547
720487014785574;0;0.10554008903781185
720487467336712;0;0.2517242466991152
720490784844952;0;0.22320345852329224
720513421832890;0;0.08613369656936758
720561749414333;0;0.16114119256311205
720565882940345;0;0.2839939296288194
720596141194246;0;0.25311200641980386
720597637937085;0;0
720634263731660;0;0.2560618070799901
720641724650204;0;0.2786151204933346
720668097255575;0;0.7197865383094045
720668238653111;0;0.24230377387013174
720735050041970;0;0.20859281410482755
720781812540285;0;0.235822935146641
720784211031626;0;0.9154383918363187
720786280689959;0;0.062043002154294966
720822000631477;0;0.3493100549252727
720853993242242;0;0.986220978548638
720855163786926;0;0.9961562657373596
720856658453576;0;0.15290216791144043
720859055034843;0;0.274714005461054
720883954598976;0;0.18028912345009115
720893334993345;0;0.5301298322612061
720895261033682;0;0.913665328858336
720925978426306;0;0.3742522017791279
720992534055734;0;0.5536794415543161
721006730409517;0;0.15846600129892688
721007406376563;0;0.23937271758919948
721043471064683;0;0.14559757458201314
721075169577155;0;0.12644163934732017
721080607535481;0;0.10480304862162378
721081723136878;0;0.2835111181122853
721083453259196;0;0.33268093691021333
721113031166771;0;0.2730917429418743
721116573895716;0;0.2537084992901572
721143181720587;0;0.3638613421456284
721156599285247;0;0.4319732111172838
721193249291429;0;0.30183514063373795
721234463752328;0;0.39892400889821505
721305335029045;0;0.3126129964228065
721345334827037;0;0.11240726603003262
721365517531821;0;0.6160393182385114
721379486363091;0;0.504211849850926
721379554057473;0;0.3523939019809354
721411327101875;0;0.2929154705209229
721439695581068;0;0.6108742790203794
721476784538390;0;0.5652978987086316
721486293413926;0;0.3178827857321976
721488681836849;0;0.14271846357758608
721512456179944;0;0.17609983466599455
721523832124775;0;0.3622387547291377
721525221451471;0;0.6383744680285514
721551521916499;0;0.50930132456064
721561106728670;0;0.16779600606356151
721565640806944;0;0.49423799858219036
721600727231134;0;0.15118499059591356
721624067109773;0;0.48329768183925753
721636579409397;0;0.13295066893457144
721746314406984;0;0.19790823716573705
721788841463128;0;0.2035601023293913
721821906170703;0;0.6792275550529661
721849365016089;0;0.8451161714851546
721885718576421;0;0.28084205940440765
721929443446523;0;0.6091138025762756
721964673390145;0;0.4047430333194577
721968632173912;0;0.3880946375582689
722007464308690;0;0.4963430559920944
722076544800090;0;0.8667162250101569
722107056353871;0;0.7107785133471313
722117753885542;0;0.6081603399104566
722155003617221;0;0.12630374042721645
722155285335623;0;0.406452236803051
722187515518473;0;0.5799680976781653
722195310218477;0;0.6428798327109504
722231966278720;0;0.5711002779877334
722308046810148;0;0.28472437255158384
722341037246261;0;0.6181268840549707
722343060454783;0;0.3974959870893947
722413929959419;0;0.48761208945535095
722417714626306;0;0.5311062593778495
722442631507452;0;0.12356360822871082
722493411508937;0;0.4674233917237799
722524536267876;0;0.4682222647152678
722529680890015;0;0.5123653438517792
722563232314694;0;0.18374534137421258
722564149824989;0;0.49497706274933895
722604348873806;0;0.5576328515868624
722642859307575;0;0.24254856671002653
722671193315043;0;0.08314323045372067
722673494386975;0;0.21648137035225143
722676652171921;0;0.31941781035633254
722713886844792;0;0.07608856600365846
722754722700520;0;0.26498658979842443
722788133912558;0;0.45855199337420927
722864701200928;0;0.27073637417345264
722897570106655;0;0.750102351847358
722897656544551;0;0.4409241295278818
722934287051838;0;0.1352775405425443
722967989239942;0;0.21059183945019333
723032766591851;0;0.16470097268926215
723116373108071;0;0.999733261579933
723154487847844;0;0.020112751101297267
723197884944838;0;0.2815584290422537
723309761082170;0;0.4941975067364608
723347215758875;0;0.2765123923645952
723378458952371;0;0.002298461104436631
723419095877288;0;0.053643906367882695
723478243453183;0;0.551746422892194
723526612041492;0;0.12689096779093192
723565177780529;0;0.31763410487432825
723604311112889;0;0.4989322493942783
723638286965068;0;0.5371491683588346
723667435654016;0;0.16136059372827952
723676087464663;0;0.24745379771674947
723712049602057;0;0.49570626328205286
723751165053277;0;0.5332105493190031
723787241458193;0;0.24855845821791195
723823589672470;0;0.3537480864349541
723865386379488;0;0.587915655687572
723890473625305;0;0.15767152426752865
723934468800672;0;0.3160087588246354
723972966178835;0;0.2548735761037271
723973534073749;0;0.4772880475739693
723974839097470;0;0.5812580577966402
724120913354060;0;0.10998866534122875
724187887467238;0;0.4005903963640285
724195687369857;0;0.07491160327103864
724223738577224;0;0.2285428885402244
724234889443516;0;0.28130293118098076
724271968212853;0;0.3331824874014458
724455073114184;0;0.2856026078392897
724455909935297;0;0.07004044608282745
724518252501693;0;0.07784326552658628
724523950591189;0;0.4337928320531328
724528394561965;0;0.0006883476675672149
724570827218175;0;0.07971244088552612
724630104197988;0;0.11966374968467826
724634316410829;0;0.17576293730992223
724667239084171;0;0.10647110241439353
724676810492200;0;0.34203687683366896
724680512794273;0;0.10195540507078135
724682588190413;0;0.28968781049308695
724830174067032;0;0.6711409374534627
724900403968857;0;0.16567617039311822
724931217295673;0;0.2452300776367013
724967705315328;0;0.17416104720127634
724981371722595;0;0.12903486443523432
725014186564578;0;0.1731843852821858
725055565199316;0;0.11072068524924784
725083219439288;0;0.11098850688641393
725199610317899;0;0.07584041329810681
725227138546716;0;0.3619738138064836
725227496420683;0;0.0752904788337402
725237456410827;0;0.3146071361670837
725268525111217;0;0.5158720186432135
725305888476253;0;0.7553619635291142
725342521698497;0;0.3112740828356432
725456158144961;0;0.257915924581725
725458878955993;0;0.27393622845316856
725492953655756;0;0.35349698453177303
725530294841309;0;0.21445859778228973
725598123437406;0;0.362397631931408
725606681924762;0;0.397467576140147
725646484513282;0;0.2135823331362696
725704073417446;0;0.4324214279040824
725718170424102;0;0.28996721394334163
725787485503758;0;0.18243743527370135
725867611803359;0;0.18089646091048953
725904742979690;0;0.1694033995618196
725930784533260;0;0.2740580661561676
725945569099607;0;0.1607072168581091
725969832279179;0;0.4019482138813739
726010491183094;0;0.18474203483081036
726042054855388;0;0.5698171739474387
726081450372869;0;0.21907922646168296
726149935981933;0;0.4684416757941618
726156228579195;0;0.1939126272800054
726156438907599;0;0.14336916602060593
726156596287535;0;0.3247072652963851
726165827990074;0;0.20164492243950402
726195819877553;0;0.1859168693556249
726196525086446;0;0.15581805820463565
726199673944659;0;0.20443994471142932
726200198009510;0;0.5772581901118826
726234297575211;0;0.6089851049651337
726236396715722;0;0.16144203495004697
726246580794964;0;0.2322115296007691
726272010913379;0;0.21098131961690078
726272875377882;0;0.36820767371555607
726280752100863;0;0.5810082768334589
726346017946168;0;0.21707934641604817
726346415554014;0;0.2147188730658822
726373341629261;0;0.4696315671003303
726417366961267;0;0.11980019741161682
726451943508646;0;0.35363921547134686
726488469963646;0;0.3706357246869646
726495819201736;0;0.33045742009686097
726524295904872;0;0.8291893177878997
726532662827475;0;0.4524572358208172
726567794322807;0;0.5477973978627871
726722940458403;0;0.17354964403578113
726975599104926;0;0.6482057491920723
726975907396752;0;0.09157987590931008
727011175588641;0;0.8863214761897449
727077826989972;0;0.14126073802193545
727089150434694;0;0.27071037124943353
727154582692353;0;0.3086937462246005
727193538193788;0;0.36291341584864084
727240219123358;0;0.35499294493690886
727275530965809;0;0.10282576053123665
727301608595431;0;0.0802022937799843
727464753300203;0;0.23380544579386217
727489739904524;0;0.19927285777797374
727559224308647;0;0.6390845582497239
727604155950047;0;0.14126073802193545
727709743509093;0;0.6754227077243168
727790680978705;0;0.17782469250582092
727793933283125;0;0.07928896568067269
727871652883962;0;0.28789632133189125
727876893185735;0;0.34346941459346214
727903297028600;0;0.980767686296053
727907887245538;0;0.16842379003804916
728010821287820;0;0.6329852525244335
728057151113878;0;0.3671139924653546
728092574618340;0;0.41683466039616707
728127982830785;0;0.19678574631694923
728165153712487;0;0.3518537451230847
728266350950513;0;0.0713945755227136
728266826461700;0;0.06884238429538228
728310518335201;0;0.4531161876823718
728313939958224;0;0.575012140632482
728352489458588;0;0.21186214284082172
728487692971344;0;0.21338155370320924
728525684115879;0;0.5121883231328416
728566977303000;0;0.3864078488774673
728572021836036;0;0.3533425298837349
728648666391054;0;0.3628001237701328
728648822189302;0;0.44301559638114646
728683058647857;0;0.3707602595116838
728686315502680;0;0.16492047619852115
728798370295986;0;0.3552285267929167
728798677148328;0;0.38603467661399293
728826126375744;0;0.41276243590857953
728832675024370;0;0.39047759192471876
728872037977280;0;0.36118797575559786
728909237103000;0;0.3140841237050896
728911544160208;0;0.18196460658582653
728936888539080;0;0.13316562636018367
728947054527027;0;0.1529650641097716
728978562536715;0;0.3513579658870791
729045710772633;0;0.36241163303108725
729082367719560;0;0.47984612347762096
729094793010885;0;0.43744130426663463
729095565334913;0;0.4419503078829739
729122833712351;0;0.006445596780838611
729123749850674;0;0.1887207099181929
729130065735568;0;0.42677110273706187
729167810294881;0;0.4982797644553859
729204848245658;0;0.6163732487847035
729317398914336;0;0.17815039992665926
729317626836166;0;0.5827099321953638
729354162435999;0;0.2765156793709521
729382241806844;0;0.2642883456571842
729414953978146;0;0.6341013304877605
729420075658695;0;0.5572928057695935
729428437645453;0;0.0021215879238258824
729465985543491;0;0.2732472404052211
729490150475278;0;0.7846057100797932
729578544352892;0;0.3041500711639479
729607501373461;0;0.25636754260093825
729611560592764;0;0.3888681020354724
729612447813057;0;0.320234778792016
729615499668341;0;0.13942915755222707
729650114370060;0;0.4475191838719936
729685534871401;0;0.1192111183917002
729688986600291;0;0.2426237780217847
729713435868986;0;0.20007855460015989
729715761129470;0;0.6493482087061245
729717747261586;0;0.3058640781543672
729720557550127;0;0.39670127337310596
729725604054493;0;0.8422618730906491
729752906378512;0;0.7855006621078261
729826409310067;0;0.0020609561632015812
729839383020464;0;0.4957666086157239
729875640899499;0;0.3520187604152022
729906244896594;0;0.28997517871959844
729913214916736;0;0.32813251987332254
729973262182569;0;0.41715887345649155
729977718282864;0;0.48275257195611215
730011230817970;0;0.3052735548518809
730049591059580;0;0.20752558973347646
730084619544492;0;0.4653528049848039
730092745046319;0;0.19774339812594297
730122912931415;0;0.3563169040381815
730135053132536;0;0.40266496623268544
730204113867061;0;0.25646061854139557
730234637070111;0;0.26838093231870896
730235208579691;0;0.8602582766626722
730247327106739;0;0.15772546276765376
730280910315020;0;0.16694398206109662
730317431025916;0;0.21213986660377776
730358699396596;0;0.10836434803881172
730388482357839;0;0.27851962215358306
730396823796690;0;0.14161647876834632
730427240654831;0;0.32344351953846656
730432674225520;0;0.33413037751593067
730437640819168;0;0.1838443974910508
730466566987278;0;0.2743035570988685
730469385375849;0;0.2684063311789132
730509344592691;0;0.06558528117624243
730542577807688;0;0.23772107698430112
730543559349908;0;0.4000853208563459
730578172423810;0;0.08473447386665912
730645722625478;0;0.344314232722372
730646079231087;0;0.5303258167838862
730655917321748;0;0.16071118701624376
730658545030555;0;0.20463888730043922
730687069413718;0;0.767178810791081
730728268189989;0;0.13389110429678028
730759514355985;0;0.4716763974921277
730766336909020;0;0.5755747060256872
730797144987099;0;0.5164590003084752
730838951011351;0;0.32806999244629353
730875843031807;0;0.4810058805004911
730909159847272;0;0.08979912076416419
730910780620284;0;0.07000020501931468
730911373436078;0;0.7221116358288692
730913363557823;0;0.2829611639270316
730942759655348;0;0.20016166169768512
730978308861840;0;0.6252141579972101
730985629963267;0;0.6650640062917569
731025830896999;0;0.22124359749507905
731060651177502;0;0.5683827927727509
731062643312927;0;0.06753370715224369
731126396922064;0;0.48078691620968467
731166305969557;0;0.48618667944247723
731168975367653;0;0
731207688282290;0;0.20343069045003806
731248471244074;0;0.19133617592791619
731252303202573;0;0.2400800138045274
731254748012038;0;0.5991314083341727
731285156303733;0;0.28515807563457424
731425686855621;0;0.4550285405492676
731433598703373;0;0.4244561747627278
731506800153384;0;0.08740531736791615
731582226778146;0;0.6668980001516881
731582428817349;0;0.32511771935889505
731615932372866;0;0.02128193030757804
731643176019409;0;0.31468056501323843
731647039826102;0;0.34756013951069686
731685192128800;0;0.38195531496178636
731729071367319;0;0.19969841238848893
731730765049925;0;0.2830666335607726
731765304253330;0;0.8560225987222563
731766430943207;0;0.4630827519625685
731802666693925;0;0.36072923743925744
731870761433284;0;0.5706991355494724
731876944322235;0;0.6147571274217515
731883223784215;0;0.012212077664514157
731907430720261;0;0.3998191176057913
731909252532982;0;0.0009616506471503581
731951149288836;0;0.21037950975005512
731951364353456;0;0.37102867525845196
731990215268671;0;0.33852251253602383
731991964337891;0;0.4002597617969715
732015959829022;0;0.34708369532307315
732060685699552;0;0.2526794589202078
732090933031477;0;0.8736140254930795
732101235859423;0;0.06783006921557556
732143686628737;0;0.6821230589912555
732196992956406;0;0.5387102901260433
732242013264974;0;0.31651935237930473
732248881796804;0;0.17703263810992376
732249522308971;0;0.280206441869392
732250225561631;0;0.09446661183808494
732284735864607;0;0.2542215581457207
732286654298571;0;0.1060311086482272
732310811369814;0;0.42144198121037774
732319431541558;0;0.25643292372062776
732322482216975;0;0.27823516961111755
732323761066554;0;0.06749240455720819
732361286848463;0;0.7475766428653335
732366724093344;0;0.8916432928764034
732397246644594;0;0.14671144962595895
732428373574926;0;0.3547851069348096
732433955028366;0;0.7003871439548562
732442197361282;0;0.4382523228909478
732469613114384;0;0.42927848107699235
732472500739180;0;0.23136077035708977
732474108543839;0;0.18252276196833453
732504999668275;0;0.22640426171739028
732509783201520;0;0.9059967212945603
732510684674474;0;0.41726627509463426
732511358124930;0;0.46692942254746833
732545771431272;0;0.12110872999118143
732572481311534;0;0.25362254271335044
732576496417246;0;0.32162859841765085
732586119960466;0;0.18675553279772306
732586228754009;0;0.3137634642105248
732612317331172;0;0.34114775617083515
732685770395810;0;0.37888774629053407
732688754070587;0;0.22883832083477473
732733328029712;0;0.30793998864042
732763203743782;0;0.8567402302367756
732771070920101;0;0.35469083677698127
732806621792998;0;0.25287930407074405
732870913412620;0;0.2726876945031038
732908777090584;0;0.6011063753215969
732942324499223;0;0.5421951949839537
732952694675108;0;0.6898924969265071
732956086451890;0;0.5115519158599856
732959685080410;0;0.2110193477080808
732993324077552;0;0.2646522335094253
732998588353954;0;0.0007163431352301101
733029352039527;0;0.7376050611883989
733088308668462;0;0.5615921542488043
733101791461256;0;0.5434777034818654
733141535082891;0;0.33179902336423905
733181169536036;0;0.22633037579408913
733215635890250;0;0.732163753651014
733250927643228;0;0.0012768992300188201
733252195453824;0;0.2157133566239589
733277539988303;0;0.5872500623699862
733283582657916;0;0.9383882271345267
733286558178962;0;0.09314401715951925
733292802551790;0;0.5436116793116311
733356277475008;0;0.29739333283669717
733356824336743;0;0.6803237996948259
733360450779385;0;0.9129927239827615
733370192157385;0;0.16499657371092075
733430935206240;0;0.2817130899477764
733433987312763;0;0.7834565352304084
733438163758665;0;0.8122799146870087
733473461342988;0;0.12940510242723388
733475291743971;0;0.13556637201423763
733502048463706;0;0.2906083813899379
733509159207785;0;0.49462962606432215
733534868183241;0;0.46070385460903107
733584704949520;0;0.4133479120888574
733585550887369;0;0.22699037142745918
733586125355178;0;0.4160818026141983
733619320988383;0;0.7550646435328245
733623812665170;0;0.1804976148817476
733648051326958;0;0.00024014234072918265
733666243828212;0;0.3819358178908656
733726851612859;0;0.3874311530082968
733732836514729;0;0.09374280516260423
733768729713297;0;0.42381149261207857
733805224265159;0;0.32681862056115973
733807075250102;0;0.3026860393436501
733838462677321;0;0.41615559452519496
733869916276814;0;0.43406169103675163
733877710154749;0;0.3537328363394232
733877828659765;0;0.004086278286865644
733882596541966;0;0.11298450165143463
733887530991301;0;0.7353257574159726
733995246990197;0;0.5222882254777208
734035686029949;0;0.7369801075568865
734068210873567;0;0.7674171908759898
734068434604029;0;0.7214965864155009
734091626757185;0;0.1878125410181766
734102068734519;0;0.48049542330790773
734129037785856;0;0.5262044868699187
734134615902324;0;0.47107514769771686
734173816574663;0;0.4848659884195895
734240336271491;0;0.3738221753965198
734253190320911;0;0.4258451642506036
734253634456189;0;0.2532449966404773
734325694392385;0;0.03801546467062787
734353017452637;0;0.5213684505244636
734366566287678;0;0.3084846671740327
734366683681212;0;0.4383677220663778
734392384431654;0;0.1697424065675504
734397014349765;0;0.4141399105636771
734397540012235;0;0.7606529768262564
734427014959309;0;0.3745418894729662
734427168440634;0;0.3611885347785113
734480206001925;0;0
734508214223541;0;0.6020573779525968
734514479109466;0;0.4678119524858547
734547763861977;0;0.3085493681858149
734551548028892;0;0.8028587369250678
734554312240072;0;0.709078536718404
734575356846226;0;0.29199150159707055
734585073589407;0;0.714751934727404
734611063600847;0;0.46357742930877727
734654106226707;0;0.2520815518317172
734662354622909;0;0.5526797637320963
734809782032017;0;0.26926532278209514
734837973751908;0;0.24897654386247936
734838435029716;0;0.45004784920836555
734841356779784;0;0.37281213313234557
734843304421625;0;0.5646591558797823
734871731685671;0;0.2149385498400959
734876626592781;0;0.3915941925393718
734917330461316;0;0.6524333292792781
735022132231776;0;0.5101631965058161
735026506576281;0;0.39638421713260147
735031056258628;0;0.4383273631586848
735070809430273;0;0.30248124610402577
735095446299268;0;0.4907329278879712
735107308860114;0;0.2859709637599113
735108419406112;0;0.035991927771512486
735177983296910;0;0.2812373605760517
735223395727604;0;0.05388014884561886
735322611866258;0;0.27207914350974177
735353561064197;0;0.3875330780423281
735400916579621;0;0.5397787883015998
735427581057814;0;0.3039063828520775
735435055269365;0;0.3444009691486998
735437509586898;0;0.4020426889814659
735550088072193;0;0.4244128335540532
735576556662540;0;0.3916363855857528
735650964417033;0;0.6783667088846358
735660834803001;0;0.6781758412932105
735732703033511;0;0.14648263283365612
735764673435430;0;0.361891594235839
735872389299264;0;0.7713763790930832
735882017495217;0;0.5431100111331081
736030921376504;0;0.12006078994579775
736103058244637;0;0.11804175727130806
736105745445450;0;0.37065066647923994
736171778829925;0;0.39276011353901846
736179925810784;0;0.07504431416775544
736254404667544;0;0.31860543027307797
736365712279549;0;0.8197599874921303
736516113732480;0;0.40873564765375986
736584194431808;0;0.7034570423700224
736618222711952;0;0.3271033916364252
736660347027251;0;0.036279898790374646
736727301818116;0;0.1765044982170812
736842798453912;0;0.23299923813999696
736961365362611;0;0.4853527064110815
736962301208717;0;0.10147574016642322
736988206144592;0;0.3635176846169674
736993638600003;0;0.008446994604790321
736994309803144;0;0.6214692410198538
737143670877831;0;0.26347066671292263
737179189662217;0;0.0844324033619057
737213200307803;0;0.23156026824391124
737216861144990;0;0.8463737704996754
737253419177638;0;0.18623050850625103
737256753125872;0;0.024736201971662757
737407261535635;0;0.3827478893021881
737441210083325;0;0.5117170372641071
737472720839441;0;0.2516518801136795
737516094661807;0;0.22780227339413542
737663068282457;0;0.219843056411348
737700458051043;0;0.05791077392400922
737781107063692;0;0.05187595477494752
737846710663699;0;0.30611038733631324
737916780767976;0;0.05218353006422337
737919350435597;0;0.20707081901246369
737922773727109;0;0.30453088798686295
737999418274142;0;0.2013131423831862
738111559407614;0;0.3055609490029355
738144638981901;0;0.32902815783611317
738216671002920;0;0.35231548235513555
738284041589399;0;0.09062718996265141
738360051547873;0;0.04032560704529647
738409812171581;0;0.31131207445348835
738447611974497;0;0.1195546790212796
738484405989605;0;0.32153046390255424
738525800876002;0;0.054317784284621536
738619454606283;0;0.33452913000900053
738730832216205;0;0.2476707133451069
738813638243628;0;0.5881267068219631
738886714940784;0;0.39912304825876566
739033400400163;0;0.03862119696058604
739063292878034;0;0.4540823149423321
739103692555090;0;0.23092048370120863
739116969982166;0;0.09967914911940064
739175660110065;0;0.43944630564214676
739176980776445;0;0.0838525290228027
739186486484038;0;0.3273712055526937
739187965498391;0;0.3498632074996665
739285616821495;0;0.4927816202560259
739287905498839;0;0.10694125561410818
739326070504826;0;0.9637194121100583
739331660092288;0;0.22469366181894973
739395305496758;0;0.18554798093347283
739435154737688;0;0.32176695506261616
739475728321480;0;0.146061360766541
739518916008193;0;0.04128675136520808
739522281767708;0;0.3519769449360071
739595005600157;0;0.20292686635698995
739670803839826;0;0.20277447299288623
739698163457207;0;0.05839790724298137
739706276215051;0;0.22387657634416316
739769602297518;0;0.1261108613734245
739919628350162;0;0.2964819860769434
739997563811278;0;0.31287625933053137
740001020147612;0;0.3929520164176267
740037910496228;0;0.21711161033323603
740078470163341;0;0.3577721648446173
740105952186020;0;0.10566921431162822
740138809083035;0;0.25623481299554124
740292390575474;0;0.0362555486190984
740332956055452;0;0.3005609689031535
740342176476992;0;0.281187286124621
740735122012741;0;0.2357139844470468
740773650999604;0;0.7584542067525504
740784395353958;0;0.008230784012189707
741029838802282;0;0.7867179001261676
741035906068129;0;0.23932614766109372
741075465568215;0;0.8676377662782762
741254078697523;0;0.8006246689520566
741293942108909;0;0.7476778412976149
741326988484026;0;0.34862690621530595
741369983046939;0;0.26206540307537535
741405950863003;0;0.22502499403396573
741407368199289;0;0.1630312334836285
741410922052351;0;0.19720620612024967
741444343613422;0;0.4913765853565656
741554167036150;0;0.21304841395433904
741554623892752;0;0.06737806713635276
741557693157743;0;0.31619877042166233
741558934198198;0;0.19339272643926225
741628672851373;0;0.46503654751969725
741813377840665;0;0.3984506310445519
741815721089669;0;0.3995347983780268
741823032720793;0;0.3212296843317335
742183813262400;0;0.3734758891125095
742185182779415;0;0.3542849769103599
742192768496550;0;0.12424443338849366
742331801885317;0;0.3498022610013597
742377339093213;0;0.49081796979660336
742451245085635;0;0.30704237974742327
742590456469763;0;0.42504080906862185
742596586992414;0;0.045546034524091554
742670907692448;0;0.1433679925500326
742672123072145;0;0.8287763566945613
742825163510253;0;0.3627932434392517
742902102451722;0;0.2279644410876466
742972064011179;0;0.18423629105831899
742972145685186;0;0.05929692560472166
743116886514232;0;0.1247526930325089
743120119767297;0;0.768391492436944
743151065884537;0;0.22750566593046476
743196259890979;0;0.23644789551720471
743341106898828;0;0.35290484005022615
743381790727826;0;0.18166356181900892
743451414169762;0;0.33813700085061904
743493118864235;0;0.2922049017810519
743604444117085;0;0.24589801968946673
743640392435086;0;0.4622043530775108
743643964129886;0;0.34282376449106183
743665016586114;0;0.13169273618663435
743689290680107;0;0.32119479058956213
743747674053386;0;0.42230742804316584
743753657607212;0;0.1105732981977761
743828813056794;0;0.8628425061150997
743896688587969;0;0.2868738145929505
743925492336505;0;0.4637074322613463
743926916511172;0;0.5434138166387166
743930130186487;0;0.31765771549462607
743966173574255;0;0.19266301513486617
743973142485437;0;0.25381427534246986
744006642033292;0;0.04461959133915736
744014088524697;0;0.18354898248088025
744014204054282;0;0.42370406823405055
744046509181799;0;0.7768446621595898
744056744177775;0;0.7002483450778162
744162619276088;0;0.15301600896658527
744195855805433;0;0.3442074389800218
744197660473093;0;0.42200552999931273
744198285665981;0;0.19344692053820145
744199725906082;0;0.2831168508478316
744200922855593;0;0.26996671289548385
744223540575733;0;0.4282335195986435
744234912049851;0;0.3820064899934443
744235464538253;0;0.6134012068232886
744268557679860;0;0.30820552921308497
744273733752566;0;0.6584496528672027
744384644636277;0;0.36363569575472016
744386665695625;0;0.12523289754028172
744419217714974;0;0.39161239205314474
744459510602544;0;0.28627820321213854
744485603248611;0;0.16862189538194253
744492604085566;0;0.18115548461665368
744495713167094;0;0.01153297704653433
744634155473582;0;0.783878441608311
744642949594859;0;0.7228969925600899
744678767486368;0;0.34056849302979353
744680410731200;0;0.3391458092279718
744682167013384;0;0.23526782981277158
744718418603465;0;0.27596081069102274
744720075009622;0;0.22696967761380893
744751283535085;0;0.136950112692788
744751539142682;0;0.3056900344379944
744753838599389;0;0.5622897394272002
744792753044891;0;0.0005751233644241936
744795699518275;0;0.20429342044901128
744835440099885;0;0.23455012569920952
744943023711440;0;0.2589088611731402
745018399335548;0;0.3110463282368577
745043297952601;0;0.3288683923955178
745092891515919;0;0.35654616483631035
745157989004802;0;0.15480187300095502
745159921854597;0;0.3087294832553836
745162900338075;0;0.7538796509316403
745238780081866;0;0.24117103383949348
745274296769500;0;0.4946831188761722
745275875233739;0;0.36843662786962234
745301678846545;0;0.2449805380755534
745306959532738;0;0.5190016521096105
745313216894091;0;0.027678979836506044
745421820864872;0;0.6010556627249407
745423356626485;0;0.3413376557270832
745498526495226;0;0.5482162423061795
745530585109238;0;0.3958769500024551
745542211580256;0;0.24088516150161263
745610104560157;0;0.03466413207516956
745631083912187;0;0.57102724841032
745639298689773;0;0.3762052663248112
745684069398246;0;0.5412953586408409
745715509123825;0;0.41150620735484017
745758286837029;0;0.3316443410376343
745758749503160;0;0.3328994354274896
745761729034807;0;0.20009681239829719
745787649644781;0;0.4342182536870843
745788972120157;0;0.44901786089650414
745832524062866;0;0.14536391900821946
745832861121329;0;0.11068371096469422
745833135421266;0;0.1500909913819393
745833654549019;0;0.4597596552533891
745838026600484;0;0.19635310587257113
745938490796230;0;0.16924303818948588
745940343012209;0;0.2141929994544524
745948358180348;0;0.6660761655763213
745950372773768;0;0.2825727148975228
746056817572639;0;0.23634295774578465
746158215093716;0;0.38823638556405876
746161511841407;0;0.5542800629268388
746194090289060;0;0.022611269141839196
746240952821103;0;0.29293062405640163
746265596852293;0;0.44900203510993814
746268359260334;0;0.11460513448910406
746272427996512;0;0.4046999090578423
746308984451696;0;0.19431127289631367
746319857718814;0;0.0855554735419112
746350075431834;0;0.42242849957360823
746351608108102;0;0.3080793422122869
746352018687693;0;0.5614283007247532
746487541995992;0;0.6997952916994468
746489061425815;0;0.2711388962736427
746529111604520;0;0.25424796831897806
746537588677940;0;0.31375822791942853
746571441481413;0;0.16260804503803541
746608482082578;0;0.6086104029289178
746610645940370;0;0.42412704744370855
746610958495285;0;0.4328833011137662
746611778889831;0;0.43992412152299837
746651491813772;0;0.3944500459015143
746718554324010;0;0.5646082730240759
746723108073569;0;0.6103578847363181
746724780471755;0;0.31583359772347597
746752061716039;0;0.1688029553109586
746799917493664;0;0.03798462923198727
746831384423070;0;0.07436060672706628
746832343371412;0;0.22795283570150096
746870905751632;0;0.3283026958498114
746871537874352;0;0.3876620971716597
746906727379445;0;0.18638579616101678
746970343729955;0;0.44045642848861255
747015937393585;0;0.5120333972833049
747021256039910;0;0.34883934276792905
747049528721208;0;0.2670886429512931
747053238722340;0;0.18370662599045953
747085026284069;0;0.7762072251666066
747086392692257;0;0.1913001803727738
747118636650053;0;0.5002911583565782
747125114628841;0;0.2756363372400929
747128667349452;0;0.22845125016077183
747128982079537;0;0.22205251319800806
747134837196233;0;0.10553480700807638
747134953249684;0;0.37967510400746357
747156624216849;0;0.039573653281805586
747275515994525;0;0.411326082473728
747309508894875;0;0.13091661881136255
747322417608658;0;0.36536165702305806
747387439371900;0;0.35478588159395963
747426526778320;0;0.3539219092925283
747433149753383;0;0.23192325372674544
747462570135050;0;0.26524942660164913
747485097947364;0;0.57206707679106
747527320649708;0;0.4193979835203717
747564283043052;0;0.19169720085555603
747568730879729;0;0.3469934589801773
747581657597562;0;0.5918780919847081
747615717714980;0;0.16823936561628702
747640432331722;0;0.41319863750337793
747676559720486;0;0.5312749769580214
747686586340925;0;0.0003150799528712915
747728730507893;0;0.31446171732821976
747793528764606;0;0.4316929088385461
747828815315391;0;0.3627213385935153
747840746367548;0;0.21112861030800947
747841782037681;0;0.3223282705524262
747871221672480;0;0.0513887207892274
747873506488123;0;0.3815770673075554
747899987744422;0;0.36589550506284024
747906832958436;0;0.22630234279683473
747908127174698;0;0.2672057563870807
747915836787374;0;0.3109858843544815
747979406598314;0;0.45740359589348956
748024411120797;0;0.552562284505633
748056383931926;0;0.59721059173353
748085147855565;0;0.589324182726093
748091819443827;0;0.283878883410805
748159678944811;0;0.4922437858352419
748162495448469;0;0.26952224463324076
748197742022077;0;0.21147100563813598
748289826590664;0;0.6216049978046261
748309800254710;0;0.3579298057176582
748322088375930;0;0.21174459568373202
748343089396562;0;0.991029468450067
748355412266323;0;0.1638293592149801
748388803930384;0;0.5189760373970408
748389861580361;0;0.31964256748658104
748430519633243;0;0.47045430747406847
748492885402963;0;0.5936295704125193
748530168093068;0;0.02230059681533182
748577309055595;0;0.2915627669595149
748581848472356;0;0.321887884996586
748604376259089;0;0.3543520347560668
748612953982792;0;0.36282465981672707
748613887802632;0;0.6398097682107685
748639134672753;0;0.9866129255705486
748682272568479;0;0.5009578951048461
748727669621581;0;0.28150298504884125
748732854049762;0;0.2305887656497349
748796017352958;0;0.10176654166773065
748822027924462;0;0.49470211038960377
748824103790790;0;0.3528902947797093
748865923671762;0;0.204813579861892
748949942488482;0;0.16827292003929048
749011951173196;0;0.2317074629230638
749022258888342;0;0.44046353945655126
749026869891830;0;0.12057116936367553
749098427404946;0;0.40088255268383943
749121946447485;0;0.3947724933899291
749132258562434;0;0.5598026326775726
749163273610545;0;0.21232356459969992
749324893346074;0;0.5630437344720831
749389189302618;0;0.24210517025665151
749395566400849;0;0.5823556693795879
749419373918791;0;0.35392017599194503
749420566413523;0;0.46387862198102436
749423000905013;0;0.4783796391064807
749423889354647;0;0.7029850483319006
749459060779755;0;0.2667889688578274
749532209506523;0;0.37166527946562705
749536856182153;0;0.05441827558241943
749545528988218;0;0.3855555682632852
749570445269611;0;0.36526128730978424
749584945322865;0;0.4067787700311648
749679993655879;0;0.3230545021739259
749684504681416;0;0.15400461987582736
750092645467123;0;0.06599724629660227
750093964297221;0;0.16015691658723907
750208289793592;0;0.4606837534471663
750400606255977;0;0.12748189283752495
750429278163712;0;0.135145733822501
750462747944996;0;0.4695196011359576
750466878204503;0;0.45053474163616
750505815925850;0;0.13408829660930552
750621709544143;0;0.12245750912411663
750679506301223;0;0.9506824172458549
750682447490243;0;0.07469299849521686
750757837558671;0;0.5728246316169213
750871624630151;0;0.055619323692876754
750872339664185;0;0.05975646463549842
750951287802678;0;0.08502253882185497
751032606067697;0;0.18417830444419744
751047950359290;0;0.15257833504566964
751135787408228;0;0.25124361117859123
751166995099029;0;0.8255162562107663
751247858262773;0;0.1400917312532408
751283661483447;0;0.42615290566669817
751433352955194;0;0.09759222815442588
751470090100988;0;0.5532916934199261
751540789335775;0;0.6924479300813207
751583419192207;0;0.20454643128609232
751662409109733;0;0.20382153316448912
751693443008309;0;0.05300839457965013
751730574521023;0;0.1274197919454114
751764498631002;0;0.0002603197736525409
751767618136629;0;0.2216018721317848
751793910951244;0;0.043946418232382004
751798756169279;0;0.4492200328177004
751829207708026;0;0.2854578330880173
751840095587719;0;0.3517752032010213
751905814086058;0;0.7155752699164075
752015075485889;0;0.24827165521983968
752058275741255;0;0.54796736605676
752064097019969;0;0
752251182289361;0;0.41454228160711964
752315410427391;0;0.07469003047315971
752319097585067;0;0.18620258764522424
752428566669227;0;0.13930336916672287
752434783654104;0;0.32831374364473165
752499552651800;0;0.3666919948197614
752657016297632;0;0.000194294798986328
752766579350131;0;0.362925907293377
752839805366601;0;0.1276786552057338
752843335709335;0;0.5294910373367807
752843984621855;0;0.9601748360437232
752942722033549;0;0.11489545989271478
752982061563784;0;0.10053937907462279
752991205149855;0;0.031083892564351373
753094399125738;0;0.35309476199453066
753238223546333;0;0.1991354231145177
753259418591284;0;0.17625171956498623
753312440406298;0;0.30534152242807755
753368007886623;0;0.18723099354424041
753512340556200;0;0.3128745831025513
753547604844455;0;0.28122563837038655
753584038872537;0;0.2600891980254988
753584606047697;0;0.11111103635805204
753584668510114;0;0.07348919229871545
753584685474382;0;0.1333409845718756
753617025498931;0;0.05379948067970409
753770744014245;0;0.0004242242587574853
753771774851270;0;0.10586646946246546
753778729620925;0;0.03179241682068059
753807634950068;0;0.42756321490910615
753837053721143;0;0.3948340560124148
753997395087758;0;0.07953095554516203
754018595071487;0;0.3621722695919219
754067266770411;0;0.13411639378548493
754132677969756;0;0.19199803097265117
754251576821521;0;0.25013763836820635
754253873511668;0;0.20967222879444697
754321861486690;0;0.06756611061300609
754361674801724;0;0.3029305191308991
754504645522920;0;0.12035369596621816
754544673392120;0;0.008515968372747255
754552830423784;0;0.12400054288319823
754585193958672;0;0.2612082206840936
754647379111579;0;0.48888623294898714
754652329448941;0;0.2658936018829427
754655202816871;0;0.921065469259457
754656705705635;0;0.3807425965378321
754770778986340;0;0.05743148358983457
754774411343362;0;0.09280621099826444
754843715213735;0;0.08635418340184092
754908903644764;0;0.06412083427717094
754917504612883;0;0.3567370905508709
754961577732687;0;0.4149575522275609
755059856841587;0;0.8724562533482435
755065341158310;0;0.3806570478827122
755179566377279;0;0.1763268475521941
755182083061589;0;0.19057995157065166
755317387878529;0;0.42604518420319387
755322384773077;0;0.3485192814411115
755355450097236;0;0.2917516798867738
755366398338385;0;0.3030293899528394
755392419356226;0;0.29090049153810155
755440319020094;0;0.4010806758881737
755541296851142;0;0.6363740224510874
755548731029753;0;0.33688286071947826
755576093279476;0;0.17867275296860582
755626083481772;0;0.5060446565438159
755666129223337;0;0.4966497107961894
755699909863788;0;0.06766389960451892
755700474897355;0;0.17600942979240047
755701434727327;0;0.4933955928310629
755777200951035;0;0.4813642693528339
755808594255734;0;0.5056809271026536
755913424973185;0;0.5140090887394436
755955723090377;0;0.0017220476300401485
756070709401854;0;0.609202866948951
756149710432202;0;0.5369008727243565
756326588862384;0;0.18642718092822616
756372413924088;0;0.44985647794630007
756406936660667;0;0.6056245088038562
756437990597117;0;0.3242396022195318
756446168588117;0;0.332296768096747
756466332005828;0;0.1470084587295774
756470432864942;0;0.255942558737988
756471268756580;0;0.28030411541242833
756523074802689;0;0.4050686287231969
756589057311516;0;0.03745767946237389
756595302141121;0;0.3377024259967444
756595584476486;0;0.36407113533847757
756627074113446;0;0.1621815110613605
756629778591441;0;0.4583482533109829
756631359635177;0;0.26219817773480625
756663265135285;0;0.2798294111792119
756667675619995;0;0.7432131698192717
756693985915629;0;0.4232150567785315
756694184199664;0;0.1867366971175242
756737277106012;0;0.5907711285732019
756738673870907;0;0.4143211174937824
756838200333099;0;0.11129201905194157
756882333051874;0;0.1500732426112164
756885243327159;0;0.15860120886676649
756920670809085;0;0.30514654616009323
756952687402451;0;0.8973318978623328
756992732915419;0;0.6718681697778845
756996460052385;0;0.41725465253846383
757001209282974;0;0.730470166031037
757004449600453;0;0.30236695184934836
757113426840389;0;0.32554547309325443
757182177874659;0;0.5825933865819061
757189390875445;0;0.08226011237919478
757221075093710;0;0.27963317434774326
757221078699134;0;0.33955067851786597
757222316252017;0;0.8566628266825322
757223562462789;0;0.20511737255472803
757259815406399;0;0.2375443786587437
757260566729970;0;0.5179346448029529
757292272383643;0;0.44696298780300286
757475908036811;0;0.32515372693812966
757476727039253;0;0.15091104718416387
757488406772905;0;0.23429223253370654
757510575437445;0;0.32291423621583043
757511052252214;0;0.30630799690596044
757516797685322;0;0.5063571311974802
757517089745194;0;0.5656270741240973
757583120211704;0;0.3598558077611548
757590253534981;0;0.4197262808837551
757630932858459;0;0.43614803896707677
757631992103082;0;0.5026598227822398
757708740050185;0;0.3990125723632452
757708882817173;0;0.455809639140432
757709679758005;0;0.47062210315818387
757737433304819;0;0.7702898788145577
757776882821451;0;0.3390994793606811
757779796201791;0;0.5338390659278863
757815181858532;0;0.40666545170091367
757825688628632;0;0.31462928957289404
757864109446486;0;0.586690078724232
757892570111448;0;0.6301354481026502
757923892317254;0;0.2716774669791651
757928727009245;0;0.5084732013526179
757929392679692;0;0.2642790752013399
757929912763736;0;0.4772020767565124
757957885330833;0;0.3831286625451742
758000066384585;0;0.3545836051245539
758003776358041;0;0.19665867371724483
758006594273073;0;0.19582937487428415
758030562963439;0;0.0691537117987988
758040153042839;0;0.16307411544842837
758120534442092;0;0.12652854056405435
758150757621961;0;0.498994283637442
758182257045487;0;0.1654677024091975
758225454623623;0;0.00020249770273771494
758250186442860;0;0.48397295045271943
758263196233089;0;0.33042897403165433
758292175998535;0;0.2573911594087496
758295236311626;0;0.38953844769479185
758342020762922;0;0.45549547078160085
758372065020073;0;0.24203934052379106
758410548171984;0;0.5667479755471542
758451929845917;0;0.14962660179963777
758484557842982;0;0.4210904245568988
758492775849769;0;0.2173115663159305
758661064313076;0;0.1993320672051425
758663009928651;0;0.4285632484619602
758668951615334;0;0.22859197303792195
758707012055658;0;0.3697895552677049
758713490085210;0;0.4264521691180418
758730801336344;0;0.1559488705221795
758740262312963;0;0.15940080884350738
758744024032793;0;0.22597842784234196
758744293637623;0;0.38611237869495063
758747841661873;0;0.3541682786750788
758770218470855;0;0.3324902990860563
758783311101095;0;0.37750666089145657
758975472935015;0;0.05568694353697283
759018408712266;0;0.6827843813052249
759029992380388;0;0.37994925039352095
759071890314428;0;0.12616712346100398
759186020556715;0;0.23646796485005486
759189116317555;0;0.286500550841459
759226386228458;0;0.4226064825189886
759228195120613;0;0.2746588309197541
759304133117436;0;0.90229049090413
759340367529746;0;0.48384954885535464
759366121402715;0;0.0005093268774874017
759366420621015;0;0.7766628270921283
759367306147642;0;0.5181011381414763
759372768460616;0;0.7986433678171893
759382095581059;0;0.4161979096131731
759416001224779;0;0.25120844024330197
759491170261377;0;0.3457148835887974
759590078954604;0;0.4449521077324897
759597263445043;0;0.60857162130494
759641261440246;0;0.4189743509413905
759699370414604;0;0.38281808473902945
759711601052890;0;0.4902757456415426
759742282719676;0;0.3578223084933081
759743774525807;0;0.21312472457530715
759857453740754;0;0.12591708114577108
759895353516595;0;0.6661196969266362
760116409391071;0;0.4099345160148994
760265603516105;0;0.3749600112407676
760296853831953;0;0.28271989719591123
760327399421673;0;0.11704815803211094
760341246106829;0;0.2669251330423876
760374361415745;0;0.12088219615800613
760480879940426;0;0.24484851812520458
760488675347176;0;0.37040774681529365
760552066258890;0;0.4864110001201582
760554818933201;0;0.4150841943353054
760600111924388;0;0.40345456425450577
760636080123401;0;0.34213319568286127
760674308067859;0;0.9083894909170342