video_id;sync_score;n_cuts;n_beats
705015658165210;1.0;5;43
745787649644781;1.0;1;21
715702134136175;1.0;4;32
722155003617221;1.0;2;20
719744808411950;1.0;1;21
730646079231087;1.0;1;15
727907887245538;1.0;5;20
747581657597562;1.0;1;22
741405950863003;1.0;1;25
716174441497977;1.0;3;31
707391631656603;1.0;1;15
724682588190413;1.0;1;39
692397613792844;1.0;1;20
747134837196233;1.0;1;12
753368007886623;1.0;1;24
689901579108621;1.0;1;22
683405637935599;1.0;1;10
717369514763965;1.0;2;27
721525221451471;1.0;1;17
756694184199664;1.0;3;27
707314670299527;1.0;1;26
758150757621961;1.0;1;28
721081723136878;1.0;2;24
729094793010885;1.0;1;12
759366121402715;1.0;1;24
704968939546031;1.0;1;22
758006594273073;1.0;1;19
740342176476992;1.0;1;17
720227703293854;1.0;2;25
719744546858503;1.0;1;11
726495819201736;1.0;1;18
710455292623174;1.0;2;17
721821906170703;1.0;1;17
733509159207785;1.0;1;22
730909159847272;1.0;3;12
720565882940345;1.0;4;21
731126396922064;1.0;3;16
732612317331172;1.0;3;17
729611560592764;1.0;1;23
746723108073569;1.0;2;17
721193249291429;1.0;4;27
725945569099607;1.0;1;19
729317626836166;1.0;3;12
723378458952371;1.0;1;24
721512456179944;1.0;2;20
724195687369857;1.0;1;26
725606681924762;1.0;1;17
726532662827475;1.0;2;23
711125488497174;1.0;2;21
725055565199316;1.0;1;30
719101267786970;1.0;1;12
723526612041492;1.0;1;11
732572481311534;1.0;1;17
757292272383643;1.0;1;23
729204848245658;1.0;8;15
758975472935015;1.0;5;39
737407261535635;1.0;1;51
727604155950047;1.0;2;15
737922773727109;1.0;2;19
727077826989972;1.0;2;15
711643919828595;1.0;1;34
729045710772633;1.0;1;3
716217490286525;1.0;1;14
716803850677267;1.0;6;18
739176980776445;1.0;1;11
705272783716550;1.0;1;27
713062075084267;1.0;1;36
731765304253330;1.0;1;11
703925971203811;1.0;3;26
706721721592527;1.0;1;33
756627074113446;1.0;2;24
736105745445450;1.0;1;30
716218368542338;1.0;1;28
694065300179113;1.0;1;22
698034216853584;1.0;1;37
757182177874659;1.0;1;22
722676652171921;1.0;1;7
706312102539485;1.0;2;15
713804331608760;1.0;1;35
718555510248741;1.0;1;26
710168593027629;1.0;4;10
737472720839441;1.0;2;16
744198285665981;1.0;1;18
734654106226707;1.0;1;25
720668238653111;1.0;2;26
734876626592781;1.0;1;28
725930784533260;1.0;2;48
721624067109773;1.0;1;14
706795992514147;1.0;1;27
751135787408228;1.0;1;16
736962301208717;1.0;1;17
737999418274142;1.0;1;28
724518252501693;1.0;1;11
691987235728897;1.0;1;33
745838026600484;1.0;3;41
727301608595431;1.0;1;25
745301678846545;1.0;1;26
716394295991689;1.0;2;7
708277253412651;1.0;1;22
721561106728670;1.0;2;22
725199610317899;1.0;1;15
740784395353958;1.0;2;12
731506800153384;1.0;3;18
741410922052351;1.0;4;16
725458878955993;1.0;5;18
745940343012209;1.0;2;13
725083219439288;1.0;1;26
745715509123825;1.0;2;10
723974839097470;1.0;2;8
741815721089669;1.0;1;22
718952821942559;1.0;4;29
749532209506523;1.0;2;19
747433149753383;1.0;1;13
747053238722340;1.0;2;36
749584945322865;1.0;2;22
692160409955311;1.0;2;37
745832861121329;1.0;1;33
701811122676077;1.0;1;22
748949942488482;1.0;3;20
719380871928776;1.0;1;17
732993324077552;1.0;3;37
731685192128800;1.0;3;30
751793910951244;1.0;2;21
744751283535085;1.0;4;20
757929912763736;1.0;1;32
733623812665170;1.0;2;22
756737277106012;1.0;1;30
741407368199289;1.0;2;34
716891605716659;1.0;1;9
753312440406298;1.0;1;21
726010491183094;1.0;1;23
756589057311516;1.0;3;48
753584606047697;1.0;3;30
755955723090377;1.0;1;9
730797144987099;1.0;1;20
758747841661873;1.0;3;29
726195819877553;1.0;1;16
748309800254710;1.0;1;17
746651491813772;1.0;1;14
748682272568479;1.0;4;28
707464402719010;1.0;2;15
698031945068786;1.0;1;25
732806621792998;1.0;1;18
722195310218477;1.0;1;16
707090793572291;1.0;4;31
707278018801838;1.0;9;38
753778729620925;1.0;2;12
706127323425961;1.0;2;17
707650278574272;1.0;1;18
693401232906759;1.0;1;21
759367306147642;1.0;2;31
707390658807924;1.0;5;22
705983246841258;1.0;1;14
732998588353954;1.0;1;18
708574881544931;1.0;5;22
708281581152980;1.0;1;17
733430935206240;1.0;1;9
708652723647131;1.0;2;25
708611145196586;1.0;3;21
706576995469556;1.0;1;10
758372065020073;0.9090909090909091;11;40
731883223784215;0.9090909090909091;11;22
722642859307575;0.8888888888888888;9;26
746537588677940;0.8888888888888888;9;21
721600727231134;0.8888888888888888;9;31
756326588862384;0.8888888888888888;9;14
729826409310067;0.8823529411764706;17;25
722442631507452;0.8823529411764706;17;25
722117753885542;0.88;25;18
723565177780529;0.875;8;16
734837973751908;0.875;8;33
736254404667544;0.875;8;16
696319759542234;0.8666666666666667;15;25
758030562963439;0.8666666666666667;15;20
705313621771760;0.8571428571428571;7;26
696326375863019;0.8333333333333334;12;24
744459510602544;0.8333333333333334;6;20
716590840779337;0.8;10;12
723478243453183;0.8;5;12
719818969475083;0.8;5;37
757223562462789;0.8;10;36
759071890314428;0.8;5;31
746870905751632;0.8;5;14
728648666391054;0.7777777777777778;9;35
681417572370468;0.7777777777777778;9;32
709156918005449;0.7777777777777778;9;16
715656244282946;0.7777777777777778;9;26
704116038833498;0.7777777777777778;9;19
732510684674474;0.75;4;22
696476315297418;0.75;8;36
727871652883962;0.75;4;13
745950372773768;0.75;4;15
702675604780520;0.75;4;17
723419095877288;0.75;4;22
727193538193788;0.75;4;27
756838200333099;0.75;8;12
728352489458588;0.75;4;23
744199725906082;0.75;4;12
743196259890979;0.75;4;26
742972145685186;0.75;4;13
690460921143135;0.75;4;30
711470525389902;0.75;4;24
752064097019969;0.75;4;21
743151065884537;0.75;4;13
707277469421404;0.75;4;25
735108419406112;0.75;4;20
749684504681416;0.75;8;24
719217278772378;0.75;8;14
724528394561965;0.75;4;18
739706276215051;0.75;4;17
729122833712351;0.75;4;18
706458501456175;0.75;4;11
718298336429343;0.75;8;18
757708740050185;0.75;4;21
707613106042098;0.75;16;23
754544673392120;0.7272727272727273;11;29
722671193315043;0.7222222222222222;18;20
757004449600453;0.7222222222222222;18;30
745758286837029;0.7142857142857143;7;26
718043705484353;0.7142857142857143;7;20
747873506488123;0.7142857142857143;7;35
757113426840389;0.7;10;21
707127232674623;0.7;30;21
708455253912692;0.6956521739130435;23;17
734809782032017;0.6923076923076923;13;38
752982061563784;0.6875;16;33
720157924761649;0.6842105263157895;19;22
703628218081693;0.6842105263157895;19;29
716152379115423;0.6666666666666666;6;20
730578172423810;0.6666666666666666;3;20
688079211532914;0.6666666666666666;3;9
721486293413926;0.6666666666666666;3;31
744200922855593;0.6666666666666666;6;21
719819467435445;0.6666666666666666;3;18
709093156848676;0.6666666666666666;3;25
703863836368699;0.6666666666666666;3;23
730247327106739;0.6666666666666666;3;15
722897656544551;0.6666666666666666;9;11
721565640806944;0.6666666666666666;33;17
724830174067032;0.6666666666666666;3;18
723934468800672;0.6666666666666666;3;26
728936888539080;0.6666666666666666;3;21
731730765049925;0.6666666666666666;6;26
722007464308690;0.6666666666666666;6;20
746611778889831;0.6666666666666666;3;29
744234912049851;0.6666666666666666;3;17
736660347027251;0.6666666666666666;3;25
722754722700520;0.6666666666666666;3;13
704555864196907;0.6666666666666666;3;27
731643176019409;0.6666666666666666;3;32
733877710154749;0.6666666666666666;3;18
707500582222849;0.6666666666666666;6;14
750429278163712;0.6666666666666666;3;23
756470432864942;0.6666666666666666;3;19
746489061425815;0.6666666666666666;3;25
738447611974497;0.6666666666666666;9;28
749420566413523;0.6666666666666666;3;15
709414980549615;0.6666666666666666;3;25
743451414169762;0.6666666666666666;6;35
745833135421266;0.6666666666666666;3;22
744006642033292;0.6666666666666666;3;25
748613887802632;0.6666666666666666;3;31
712835386396644;0.6666666666666666;6;22
744718418603465;0.6666666666666666;3;15
757511052252214;0.6666666666666666;3;22
759416001224779;0.6666666666666666;3;26
759857453740754;0.6666666666666666;6;27
733356277475008;0.6666666666666666;3;25
731252303202573;0.6666666666666666;6;15
705388645580595;0.6666666666666666;9;27
706984407912259;0.6666666666666666;3;12
706204639057006;0.6666666666666666;3;19
731951149288836;0.6666666666666666;3;23
741557693157743;0.6666666666666666;3;14
732959685080410;0.6666666666666666;3;22
735070809430273;0.6428571428571429;14;21
715962144431228;0.6363636363636364;11;21
712539215806395;0.6363636363636364;11;19
706197436393926;0.6363636363636364;11;29
701403096148663;0.6363636363636364;11;17
720822000631477;0.625;8;16
723890473625305;0.625;8;20
720883954598976;0.625;8;16
744014088524697;0.625;8;29
757815181858532;0.625;24;23
746571441481413;0.625;8;21
735764673435430;0.6153846153846154;13;24
718409063501878;0.6153846153846154;13;21
757221075093710;0.6153846153846154;26;26
743896688587969;0.6;5;11
716893577277761;0.6;10;12
757957885330833;0.6;5;16
707642324869869;0.6;5;15
754652329448941;0.6;5;27
694429863655360;0.6;10;20
728911544160208;0.6;5;23
725227138546716;0.6;5;15
716441755079149;0.6;10;18
733473461342988;0.6;10;17
706647403561338;0.6;5;28
757221078699134;0.5833333333333334;24;26
746871537874352;0.5714285714285714;7;21
723604311112889;0.5714285714285714;7;18
715844706915230;0.5714285714285714;7;38
718368130520333;0.5714285714285714;21;23
746319857718814;0.5714285714285714;14;31
734547763861977;0.5714285714285714;14;24
721116573895716;0.5625;16;27
706873169970148;0.5625;16;19
735022132231776;0.56;25;14
742902102451722;0.5555555555555556;18;14
729428437645453;0.5555555555555556;9;11
747125114628841;0.5555555555555556;9;18
737256753125872;0.5555555555555556;9;12
708759235666431;0.5555555555555556;9;26
751662409109733;0.55;20;21
739331660092288;0.5454545454545454;11;20
721788841463128;0.5384615384615384;13;21
708765384486320;0.5294117647058824;17;13
747527320649708;0.5238095238095238;42;26
726042054855388;0.5;2;14
747841782037681;0.5;2;22
706450708708616;0.5;2;20
721411327101875;0.5;2;17
686962182503535;0.5;2;34
699483972684697;0.5;2;10
754018595071487;0.5;2;15
729420075658695;0.5;2;21
723972966178835;0.5;4;27
759226386228458;0.5;2;20
717889741810735;0.5;2;20
760296853831953;0.5;2;21
756471268756580;0.5;4;31
703775708979981;0.5;2;23
707832513769877;0.5;4;14
707573457393353;0.5;2;13
703680758411170;0.5;4;16
705050056304533;0.5;4;30
731248471244074;0.5;2;14
700105454280466;0.5;2;29
717880418740325;0.5;4;7
721143181720587;0.5;2;26
730509344592691;0.5;2;16
760327399421673;0.5;18;20
746352018687693;0.5;2;23
756372413924088;0.5;6;12
745498526495226;0.5;4;15
732248881796804;0.5;2;20
724271968212853;0.5;2;16
720992534055734;0.5;4;18
731025830896999;0.5;2;12
703603551186924;0.5;4;15
719229850387857;0.5;2;10
719521545097060;0.5;2;28
743493118864235;0.5;2;3
707152189708262;0.5;4;21
715581473189737;0.5;2;33
706202353176425;0.5;6;27
705532132717494;0.5;2;33
705494883871649;0.5;4;15
755576093279476;0.5;32;17
684790254109566;0.5;8;27
720668097255575;0.5;2;21
751032606067697;0.5;2;8
748355412266323;0.5;4;13
724630104197988;0.5;6;19
726199673944659;0.5;16;18
754961577732687;0.5;6;10
752251182289361;0.5;2;11
712437469052041;0.5;2;9
755541296851142;0.5;2;19
739997563811278;0.5;2;19
727489739904524;0.5;2;16
733877828659765;0.5;6;17
732101235859423;0.5;2;6
730427240654831;0.5;2;16
730913363557823;0.5;2;21
729720557550127;0.5;2;13
706350539930714;0.5;6;11
706497710503285;0.5;2;6
751764498631002;0.5;2;20
707540688111144;0.5;2;1
734662354622909;0.5;2;19
754552830423784;0.5;2;19
759382095581059;0.5;6;28
698069698613571;0.5;4;13
707941895031596;0.5;6;16
718634425492128;0.5;6;26
708053530781629;0.5;2;21
707241575058925;0.5;2;26
706019169568137;0.47368421052631576;19;19
721271065767267;0.4642857142857143;112;23
714137184524843;0.46153846153846156;13;22
724634316410829;0.4444444444444444;9;16
752428566669227;0.4444444444444444;9;24
744197660473093;0.4444444444444444;9;30
731870761433284;0.42857142857142855;7;19
748639134672753;0.42857142857142855;7;10
695833815461722;0.42857142857142855;14;15
744384644636277;0.42857142857142855;7;17
707498759402670;0.4222222222222222;45;15
748530168093068;0.4166666666666667;12;12
717968814438251;0.40625;32;10
747021256039910;0.4;5;24
714287458675597;0.4;5;27
748732854049762;0.4;10;24
744943023711440;0.4;5;6
742590456469763;0.4;5;16
685264047101392;0.4;5;21
693694310252337;0.4;5;11
709427015427560;0.4;5;12
758492775849769;0.4;5;20
707759732166754;0.4;5;14
708018806056183;0.4;15;13
734917330461316;0.4;15;15
748322088375930;0.375;8;11
745832524062866;0.375;24;23
737253419177638;0.375;8;9
753807634950068;0.375;16;16
746351608108102;0.375;8;12
755699909863788;0.375;8;32
705561053974919;0.36363636363636365;11;17
697241628076264;0.3548387096774194;31;16
742596586992414;0.35;20;21
715805791843112;0.3333333333333333;3;19
748289826590664;0.3333333333333333;3;21
732956086451890;0.3333333333333333;3;24
679213361036006;0.3333333333333333;3;18
726246580794964;0.3333333333333333;3;14
731062643312927;0.3333333333333333;3;23
713090665588510;0.3333333333333333;3;23
727559224308647;0.3333333333333333;9;13
728978562536715;0.3333333333333333;3;21
725718170424102;0.3333333333333333;3;15
728057151113878;0.3333333333333333;3;30
735400916579621;0.3333333333333333;3;15
733141535082891;0.3333333333333333;3;11
720261794898331;0.3333333333333333;6;21
727275530965809;0.3333333333333333;3;19
710727036730304;0.3333333333333333;9;19
725646484513282;0.3333333333333333;3;25
701152230919851;0.3333333333333333;15;5
745313216894091;0.3333333333333333;3;12
747118636650053;0.3333333333333333;3;19
734366566287678;0.3333333333333333;3;16
730655917321748;0.3333333333333333;9;22
748056383931926;0.3333333333333333;3;19
756885243327159;0.3333333333333333;3;34
750951287802678;0.3333333333333333;3;12
757259815406399;0.3333333333333333;3;11
749022258888342;0.3333333333333333;3;10
747128667349452;0.3333333333333333;3;28
759641261440246;0.3333333333333333;9;13
707351373239504;0.3333333333333333;6;12
721746314406984;0.3333333333333333;3;13
746194090289060;0.3333333333333333;3;16
717586460902949;0.3225806451612903;31;25
722308046810148;0.3;10;7
700786340812921;0.3;10;20
687569901952029;0.2857142857142857;7;19
757189390875445;0.2857142857142857;7;22
736842798453912;0.2857142857142857;14;22
757583120211704;0.2857142857142857;7;11
720596141194246;0.2857142857142857;7;16
718587234398870;0.2857142857142857;7;10
733586125355178;0.2727272727272727;11;19
728266826461700;0.2727272727272727;11;15
733370192157385;0.2727272727272727;22;7
726417366961267;0.26666666666666666;15;18
683442053754508;0.25;8;18
720855163786926;0.25;4;9
747908127174698;0.25;4;19
719855888894011;0.25;4;29
730432674225520;0.25;8;22
748581848472356;0.25;4;21
729317398914336;0.25;4;5
704160348274223;0.25;4;21
733805224265159;0.25;4;6
745684069398246;0.25;4;11
707757136166052;0.25;4;16
744162619276088;0.25;8;12
722563232314694;0.25;8;17
744014204054282;0.25;4;7
721305335029045;0.25;12;7
740332956055452;0.25;4;17
730658545030555;0.25;4;14
721523832124775;0.25;4;21
709940697643771;0.25;8;13
758225454623623;0.25;4;24
746906727379445;0.25;4;21
749536856182153;0.25;4;14
733995246990197;0.25;4;10
708798464186450;0.25;4;11
751047950359290;0.22807017543859648;57;14
721379554057473;0.2222222222222222;9;13
728686315502680;0.2;5;19
718039234183910;0.2;10;16
719967793594977;0.2;5;18
718154799206167;0.2;5;14
735095446299268;0.2;5;20
701930730129942;0.2;5;23
716663721360467;0.2;5;17
716135412084942;0.2;5;11
745157989004802;0.2;5;17
729615499668341;0.18518518518518517;27;19
734871731685671;0.18181818181818182;11;16
729465985543491;0.16666666666666666;6;11
701955915542595;0.16666666666666666;6;16
724455909935297;0.16666666666666666;6;9
744485603248611;0.16666666666666666;6;14
729685534871401;0.16666666666666666;6;7
730838951011351;0.15;20;10
695919299301428;0.14285714285714285;7;20
718043229015195;0.14285714285714285;21;19
717482337945364;0.14285714285714285;14;10
734554312240072;0.125;56;12
746056817572639;0.125;8;2
720925978426306;0.08333333333333333;12;8
725227496420683;0.08333333333333333;12;9
733283582657916;0.08064516129032258;62;12
718483136442281;0.0;0;11
707048606218273;0.0;0;28
730911373436078;0.0;0;23
688573512401355;0.0;0;25
728566977303000;0.0;0;16
721488681836849;0.0;0;21
732322482216975;0.0;0;10
719151588333066;0.0;0;30
682597587994082;0.0;0;20
726272875377882;0.0;0;25
689453088610504;0.0;0;14
688598438567012;0.0;0;28
707821642713147;0.0;0;24
726524295904872;0.0;0;7
729725604054493;0.0;0;16
722564149824989;0.0;0;12
720859055034843;0.0;0;11
720041826962958;0.0;0;8
718555579644327;0.0;1;3
722417714626306;0.0;0;31
718992798417266;0.0;0;17
726567794322807;0.0;0;12
692325808552811;0.0;0;20
675098314187322;0.0;1;8
718520034031096;0.0;2;10
686076621399209;0.0;0;17
719560736581363;0.0;0;19
719450163011127;0.0;0;21
726346017946168;0.0;0;11
726451943508646;0.0;0;9
726236396715722;0.0;0;32
676467853734661;0.0;0;8
687561042257835;0.0;0;31
687821936739026;0.0;0;30
691392949030542;0.0;0;15
721006730409517;0.0;0;24
729913214916736;0.0;0;19
726196525086446;0.0;0;18
719225418596904;0.0;0;7
688607631528855;0.0;0;15
688011794243295;0.0;0;13
755182083061589;0.0;1;33
730687069413718;0.0;0;18
691504565499791;0.0;0;8
718445701421765;0.0;2;16
711347233191729;0.0;0;13
727240219123358;0.0;0;15
692754722948605;0.0;0;19
721379486363091;0.0;0;10
720487014785574;0.0;1;13
719375154774922;0.0;0;8
713016926745407;0.0;0;23
717402229597800;0.0;3;16
733029352039527;0.0;0;21
722341037246261;0.0;1;20
729977718282864;0.0;0;14
722524536267876;0.0;2;8
689645561752381;0.0;0;9
676886077752582;0.0;0;6
730766336909020;0.0;0;19
719708654247985;0.0;0;28
673980477101377;0.0;1;1
720011233187389;0.0;0;11
693023600665436;0.0;0;17
687940733548421;0.0;0;13
715954432806127;0.0;0;12
732442197361282;0.0;0;3
757929392679692;0.0;0;27
716730981851922;0.0;0;29
729641726459144;0.0;0;20
748197742022077;0.0;0;12
727089150434694;0.0;0;14
695842499696435;0.0;0;20
725492953655756;0.0;0;22
687636984359194;0.0;0;34
712393138696418;0.0;1;22
688338958327118;0.0;0;24
693683514630167;0.0;1;19
706537284142380;0.0;0;11
725598123437406;0.0;0;11
688387679338057;0.0;0;32
689131969722089;0.0;2;15
751767618136629;0.0;0;7
716701494562678;0.0;0;8
747948118410004;0.0;0;13
741558934198198;0.0;0;23
729607501373461;0.0;2;17
679864109410926;0.0;0;25
701266193747753;0.0;0;24
749098427404946;0.0;0;19
746831384423070;0.0;0;17
720893334993345;0.0;1;21
689529277285782;0.0;0;23
728826126375744;0.0;0;25
721083453259196;0.0;0;10
716243951442891;0.0;0;11
707909551090422;0.0;0;43
711615872428840;0.0;0;6
689574739640428;0.0;0;11
688788384595417;0.0;0;7
720368404060663;0.0;0;27
734480206001925;0.0;0;43
686480646732990;0.0;0;12
712094494327053;0.0;2;25
741326988484026;0.0;0;14
705004319273291;0.0;0;16
708171177408448;0.0;0;31
714662407961579;0.0;0;15
718776282527046;0.0;0;7
745639298689773;0.0;0;7
749011951173196;0.0;2;24
734134615902324;0.0;1;27
731582428817349;0.0;0;17
732685770395810;0.0;0;34
741293942108909;0.0;0;15
718333223460526;0.0;0;8
716842688485274;0.0;0;17
741554167036150;0.0;0;6
692323506199937;0.0;0;20
686445882801289;0.0;0;24
735322611866258;0.0;0;7
716729236285779;0.0;1;14
692286822089025;0.0;0;31
717140828778578;0.0;0;22
729578544352892;0.0;0;1
729612447813057;0.0;0;13
697967302550336;0.0;1;12
741035906068129;0.0;0;19
689605576198263;0.0;1;14
704269498714174;0.0;0;23
711137931790033;0.0;0;12
737916780767976;0.0;0;20
679864887140181;0.0;0;17
717588125423396;0.0;0;24
740078470163341;0.0;0;12
741813377840665;0.0;0;16
747134953249684;0.0;0;8
721964673390145;0.0;5;15
741369983046939;0.0;0;16
706053996145964;0.0;0;13
758451929845917;0.0;1;18
758410548171984;0.0;0;26
704383430745814;0.0;0;22
720487467336712;0.0;0;18
757517089745194;0.0;0;16
708228607841725;0.0;0;10
733807075250102;0.0;0;27
729688986600291;0.0;0;15
706979909857611;0.0;0;22
734841356779784;0.0;0;5
720784211031626;0.0;0;13
704637040775828;0.0;0;24
742183813262400;0.0;0;10
757475908036811;0.0;1;19
693725154729004;0.0;0;24
721007406376563;0.0;0;18
722343060454783;0.0;0;16
730135053132536;0.0;0;18
745159921854597;0.0;0;27
728872037977280;0.0;0;18
706571370283363;0.0;0;28
756595302141121;0.0;0;19
731285156303733;0.0;0;14
679447037321258;0.0;0;19
705720075347095;0.0;0;17
715846826807474;0.0;1;9
758713490085210;0.0;2;24
708315556981258;0.0;1;2
712507689272975;0.0;0;9
732733328029712;0.0;0;15
706868278643713;0.0;0;28
705930210371340;0.0;0;23
731990215268671;0.0;0;23
757708882817173;0.0;0;8
734253634456189;0.0;1;16
703978033773973;0.0;0;15
714102921224423;0.0;0;22
718818900685157;0.0;0;14
679636335181655;0.0;0;17
706274074999297;0.0;0;16
760636080123401;0.0;0;9
703797489455389;0.0;0;1
758707012055658;0.0;0;14
719045697241886;0.0;0;13
734068434604029;0.0;0;17
748093833513386;0.0;0;11
756631359635177;0.0;0;11
728909237103000;0.0;0;24
679560600222279;0.0;0;12
704196907924624;0.0;1;14
737781107063692;0.0;0;15
702897821711768;0.0;1;15
729839383020464;0.0;0;20
701838308020535;0.0;0;22
759228195120613;0.0;1;22
703753251897896;0.0;0;31
716738611204068;0.0;0;20
719485937222748;0.0;4;4
706829828338650;0.0;0;11
717073013896597;0.0;0;19
726488469963646;0.0;0;1
720895261033682;0.0;0;13
708091560872799;0.0;0;21
720376376053889;0.0;0;23
679703927305385;0.0;0;18
749395566400849;0.0;1;13
746161511841407;0.0;0;20
730543559349908;0.0;0;11
760341246106829;0.0;2;33
720634263731660;0.0;1;14
759340367529746;0.0;0;6
757510575437445;0.0;0;24
705422241624700;0.0;0;13
756406936660667;0.0;0;15
718445939014397;0.0;0;23
728092574618340;0.0;5;11
759018408712266;0.0;0;31
748024411120797;0.0;0;14
742192768496550;0.0;0;11
694354042414149;0.0;0;14
707652605934410;0.0;0;16
693581775189842;0.0;1;11
758342020762922;0.0;0;22
759491170261377;0.0;0;22
745833654549019;0.0;5;16
749324893346074;0.0;0;22
728798370295986;0.0;0;13
715067674593758;0.0;0;30
702080025195092;0.0;0;6
692766589245723;0.0;0;45
718743639013145;0.0;0;20
732250225561631;0.0;2;10
734551548028892;0.0;0;18
679376569461914;0.0;0;12
719708026462596;0.0;1;7
758120534442092;0.0;0;18
717741741454242;0.0;0;15
705458223398995;0.0;0;28
705754820062591;0.0;5;19
706312715706884;0.0;0;26
745423356626485;0.0;0;18
709418742081980;0.0;0;19
744223540575733;0.0;4;11
719782422598872;0.0;0;14
705831387171871;0.0;4;18
718297897425394;0.0;0;17
729354162435999;0.0;0;19
757709679758005;0.0;0;16
720301920385766;0.0;1;1
704234718917940;0.0;0;5
716923854577995;0.0;0;18
730011230817970;0.0;3;10
709577717251372;0.0;0;9
704300903862332;0.0;0;2
734514479109466;0.0;0;10
712248099394815;0.0;0;27
679213126054322;0.0;0;21
718347713824948;0.0;0;26
758292175998535;0.0;0;8
741823032720793;0.0;0;12
729167810294881;0.0;2;16
748430519633243;0.0;0;18
709358165016394;0.0;0;9
714511081100083;0.0;0;11
719448423958328;0.0;0;17
720439562146839;0.0;0;17
719261719285098;0.0;0;6
716212392423335;0.0;0;7
704010539041096;0.0;0;28
707351172688863;0.0;0;33
746350075431834;0.0;0;27
705157182598942;0.0;0;25
757260566729970;0.0;0;17
679636407709547;0.0;0;25
716516510007509;0.0;0;18
757737433304819;0.0;0;32
718112436498789;0.0;0;15
717250737849826;0.0;0;21
759372768460616;0.0;0;20
732474108543839;0.0;0;27
701882617476794;0.0;0;20
749419373918791;0.0;0;8
679334793929407;0.0;0;27
721636579409397;0.0;0;19
757928727009245;0.0;0;9
747615717714980;0.0;0;37
727876893185735;0.0;7;11
702592741606125;0.0;2;15
720490784844952;0.0;0;11
732090933031477;0.0;0;14
733438163758665;0.0;0;26
723676087464663;0.0;0;15
719593745627169;0.0;0;37
724120913354060;0.0;0;16
733726851612859;0.0;1;1
729382241806844;0.0;0;12
704030083301941;0.0;0;9
732509783201520;0.0;0;16
726975907396752;0.0;0;25
695656793889159;0.0;0;26
738216671002920;0.0;1;16
708861953620264;0.0;0;17
721885718576421;0.0;0;13
721113031166771;0.0;0;14
738111559407614;0.0;0;22
724455073114184;0.0;0;26
721345334827037;0.0;0;10
747462570135050;0.0;0;24
725014186564578;0.0;3;22
720304881235132;0.0;0;22
731951364353456;0.0;0;12
720853993242242;0.0;0;7
736727301818116;0.0;0;21
736993638600003;0.0;2;23
722897570106655;0.0;0;20
716477252500672;0.0;0;28
743116886514232;0.0;1;29
739175660110065;0.0;1;20
710093414886449;0.0;0;11
717255511187975;0.0;2;26
742972064011179;0.0;3;7
730358699396596;0.0;0;23
718858799375270;0.0;1;11
730942759655348;0.0;0;11
723823589672470;0.0;1;12
705930179357404;0.0;0;9
726272010913379;0.0;0;18
723638286965068;0.0;0;12
728572021836036;0.0;0;23
740138809083035;0.0;2;3
735020753777122;0.0;1;15
719184803578411;0.0;0;19
725704073417446;0.0;0;11
723309761082170;0.0;0;16
718300904340796;0.0;0;13
745631083912187;0.0;0;13
729095565334913;0.0;0;15
706706322573658;0.0;1;18
725867611803359;0.0;0;16
727903297028600;0.0;7;15
696910104091846;0.0;0;22
717691745489391;0.0;8;8
722673494386975;0.0;1;22
736516113732480;0.0;0;18
730122912931415;0.0;0;22
725530294841309;0.0;0;13
730084619544492;0.0;0;5
724523950591189;0.0;0;13
710164919166288;0.0;0;14
724234889443516;0.0;1;26
708014018500193;0.0;0;18
740773650999604;0.0;0;6
741254078697523;0.0;0;14
738730832216205;0.0;0;12
733181169536036;0.0;0;20
735872389299264;0.0;0;14
747309508894875;0.0;11;8
728648822189302;0.0;0;20
745275875233739;0.0;1;10
737846710663699;0.0;2;13
712950500604617;0.0;1;5
745238780081866;0.0;5;4
727011175588641;0.0;0;25
722231966278720;0.0;0;21
723751165053277;0.0;0;14
709572152814215;0.0;4;9
732310811369814;0.0;1;18
723787241458193;0.0;0;14
728165153712487;0.0;0;23
739285616821495;0.0;1;20
725904742979690;0.0;0;17
730466566987278;0.0;0;24
736179925810784;0.0;0;23
730317431025916;0.0;0;13
739435154737688;0.0;1;22
732397246644594;0.0;0;15
701312188036625;0.0;0;8
722713886844792;0.0;1;9
727464753300203;0.0;2;24
747640432331722;0.0;1;11
730280910315020;0.0;0;6
712832271589472;0.0;1;22
717765589669932;0.0;0;23
722934287051838;0.0;0;21
721968632173912;0.0;0;22
735223395727604;0.0;0;25
759304133117436;0.0;1;1
719883128298432;0.0;0;32
723865386379488;0.0;0;21
746970343729955;0.0;2;11
742377339093213;0.0;1;29
725342521698497;0.0;0;19
729752906378512;0.0;0;14
713571623121831;0.0;0;15
710381672898291;0.0;1;14
743665016586114;0.0;0;12
710899726391297;0.0;0;12
747828815315391;0.0;0;21
741029838802282;0.0;0;12
732469613114384;0.0;0;30
725456158144961;0.0;0;13
721365517531821;0.0;0;8
757476727039253;0.0;10;1
730437640819168;0.0;0;16
732870913412620;0.0;2;17
755392419356226;0.0;0;28
730875843031807;0.0;2;8
722187515518473;0.0;0;17
713348170744914;0.0;0;20
719303408766003;0.0;0;41
722493411508937;0.0;0;19
741444343613422;0.0;0;6
753770744014245;0.0;5;8
738886714940784;0.0;0;15
732361286848463;0.0;0;23
729490150475278;0.0;1;17
737700458051043;0.0;0;17
722529680890015;0.0;4;13
735427581057814;0.0;0;32
738619454606283;0.0;1;6
725268525111217;0.0;3;21
758730801336344;0.0;0;33
723347215758875;0.0;0;24
723197884944838;0.0;0;15
723973534073749;0.0;0;14
714316269200448;0.0;0;11
728313939958224;0.0;0;16
722604348873806;0.0;0;13
719671166742038;0.0;0;14
744046509181799;0.0;0;23
707016255569561;0.0;0;23
734325694392385;0.0;0;23
720735050041970;0.0;0;13
731615932372866;0.0;0;22
730049591059580;0.0;0;23
718783094565803;0.0;0;17
757776882821451;0.0;0;21
726346415554014;0.0;0;32
720231339830072;0.0;0;10
754647379111579;0.0;0;13
721043471064683;0.0;1;13
734129037785856;0.0;0;11
734611063600847;0.0;1;17
734091626757185;0.0;2;8
732015959829022;0.0;0;24
704127334683045;0.0;3;11
723712049602057;0.0;1;11
711244065335057;0.0;0;5
727709743509093;0.0;0;18
739919628350162;0.0;2;13
736961365362611;0.0;0;16
743753657607212;0.0;1;27
722155285335623;0.0;0;20
713722710745687;0.0;0;17
732428373574926;0.0;0;50
743604444117085;0.0;1;22
737516094661807;0.0;2;24
734427014959309;0.0;23;13
720005633632161;0.0;0;16
720381061718093;0.0;1;20
735576556662540;0.0;3;16
729414953978146;0.0;0;25
733088308668462;0.0;0;21
737441210083325;0.0;3;16
722864701200928;0.0;0;21
726200198009510;0.0;0;5
728487692971344;0.0;0;14
756920670809085;0.0;0;25
728832675024370;0.0;0;10
730234637070111;0.0;0;11
707822719946306;0.0;0;15
721476784538390;0.0;0;28
706864008877474;0.0;0;37
732942324499223;0.0;0;19
739063292878034;0.0;1;20
742825163510253;0.0;2;23
722076544800090;0.0;0;18
724676810492200;0.0;0;12
759699370414604;0.0;0;15
731166305969557;0.0;0;7
711385105535559;0.0;0;35
736584194431808;0.0;1;16
721849365016089;0.0;0;6
760480879940426;0.0;2;12
713061253343776;0.0;0;12
730985629963267;0.0;0;38
723032766591851;0.0;0;19
729713435868986;0.0;0;1
755355450097236;0.0;5;4
735353561064197;0.0;0;6
728525684115879;0.0;1;16
737919350435597;0.0;0;15
731907430720261;0.0;0;21
736030921376504;0.0;0;28
737179189662217;0.0;0;6
709870113820306;0.0;0;16
736103058244637;0.0;0;14
731766430943207;0.0;0;10
728127982830785;0.0;0;13
731647039826102;0.0;0;19
735177983296910;0.0;1;17
724900403968857;0.0;0;19
723116373108071;0.0;2;14
726234297575211;0.0;0;16
728266350950513;0.0;0;36
729130065735568;0.0;0;14
727793933283125;0.0;0;6
727154582692353;0.0;0;36
736365712279549;0.0;0;26
756629778591441;0.0;1;9
704484125126223;0.0;0;22
737663068282457;0.0;2;14
755666129223337;0.0;2;11
724570827218175;0.0;0;15
714015098024671;0.0;1;10
718484446252528;0.0;0;12
728010821287820;0.0;0;20
731207688282290;0.0;0;45
728798677148328;0.0;0;18
748085147855565;0.0;0;20
743640392435086;0.0;0;14
735650964417033;0.0;0;20
729973262182569;0.0;0;9
722788133912558;0.0;0;9
730204113867061;0.0;1;8
712718208256811;0.0;0;15
743381790727826;0.0;5;26
730978308861840;0.0;0;18
758250186442860;0.0;0;17
754770778986340;0.0;0;13
744419217714974;0.0;0;24
734585073589407;0.0;0;10
753837053721143;0.0;0;13
746529111604520;0.0;4;22
735026506576281;0.0;0;24
755808594255734;0.0;0;22
735550088072193;0.0;0;14
719223733741217;0.0;0;22
744495713167094;0.0;2;9
699448188818214;0.0;0;7
706932696615908;0.0;0;27
742670907692448;0.0;0;40
707759782053814;0.0;2;22
758661064313076;0.0;0;18
735732703033511;0.0;0;11
730469385375849;0.0;0;28
729715761129470;0.0;0;13
747673816752205;0.0;0;15
716330375644722;0.0;0;18
706088787068852;0.0;1;9
731425686855621;0.0;0;12
756731887639290;0.0;0;34
758770218470855;0.0;0;16
731876944322235;0.0;0;6
692122761634732;0.0;4;15
731433598703373;0.0;0;5
749121946447485;0.0;0;4
758040153042839;0.0;0;24
734843304421625;0.0;0;35
726149935981933;0.0;0;26
739475728321480;0.0;0;13
733534868183241;0.0;0;21
752839805366601;0.0;0;15
731729071367319;0.0;1;23
734253190320911;0.0;0;17
719958612395231;0.0;0;16
744783516344423;0.0;0;16
733619320988383;0.0;0;18
759737005455601;0.0;0;16
729650114370060;0.0;0;1
714581316881890;0.0;0;42
705354570586815;0.0;0;24
747387439371900;0.0;0;28
740292390575474;0.0;2;7
731802666693925;0.0;0;28
733360450779385;0.0;0;26
755065341158310;0.0;0;18
706345952966874;0.0;0;26
739698163457207;0.0;0;1
738360051547873;0.0;0;17
751693443008309;0.0;0;17
707906907007888;0.0;2;12
748343089396562;0.0;0;9
739287905498839;0.0;0;9
716355263105350;0.0;0;27
755626083481772;0.0;0;24
695204941642559;0.0;0;18
733732836514729;0.0;0;18
743120119767297;0.0;0;13
719333880887045;0.0;0;10
723154487847844;0.0;0;13
703818974648456;0.0;0;17
697875319388283;0.0;0;9
741554623892752;0.0;0;25
753584038872537;0.0;0;20
757923892317254;0.0;0;22
744751539142682;0.0;0;18
691982499991424;0.0;3;15
707351081254291;0.0;0;24
730645722625478;0.0;0;6
733768729713297;0.0;0;16
721156599285247;0.0;0;4
717370740130292;0.0;0;21
734575356846226;0.0;0;21
738813638243628;0.0;0;22
700108309046234;0.0;1;30
754361674801724;0.0;0;15
738525800876002;0.0;0;18
751433352955194;0.0;0;18
739326070504826;0.0;0;16
747485097947364;0.0;0;12
733277539988303;0.0;0;12
732249522308971;0.0;0;17
758783311101095;0.0;0;13
716476903243076;0.0;5;19
733648051326958;0.0;0;19
719621116409363;0.0;0;32
743925492336505;0.0;0;23
751583419192207;0.0;0;4
719522575254187;0.0;0;10
748604376259089;0.0;0;28
708114027708321;0.0;0;24
718221889170212;0.0;4;12
754655202816871;0.0;0;25
732196992956406;0.0;0;25
732688754070587;0.0;0;12
708870591602706;0.0;0;19
705756027442495;0.0;0;21
732433955028366;0.0;0;17
735437509586898;0.0;0;6
708489000549101;0.0;0;14
733887530991301;0.0;0;16
707055074288029;0.0;0;26
733869916276814;0.0;0;22
706448928812518;0.0;0;7
759029992380388;0.0;0;18
707315755402456;0.0;0;23
733838462677321;0.0;0;19
746799917493664;0.0;0;21
745788972120157;0.0;0;6
756523074802689;0.0;0;30
750682447490243;0.0;0;2
730235208579691;0.0;0;1
731060651177502;0.0;0;21
756996460052385;0.0;0;14
751470090100988;0.0;0;13
734240336271491;0.0;0;12
743747674053386;0.0;0;15
705941464958160;0.0;0;20
726156438907599;0.0;0;22
745938490796230;0.0;0;17
716994889380582;0.0;1;20
733101791461256;0.0;0;22
734508214223541;0.0;0;32
751730574521023;0.0;0;26
751247858262773;0.0;0;23
733475291743971;0.0;0;13
754251576821521;0.0;0;32
706151922918231;0.0;1;7
736994309803144;0.0;0;34
747906832958436;0.0;0;15
739395305496758;0.0;0;8
752991205149855;0.0;0;13
759186020556715;0.0;0;24
726156228579195;0.0;0;34
727790680978705;0.0;0;24
740105952186020;0.0;0;30
698284367830589;0.0;0;24
734427168440634;0.0;0;21
739670803839826;0.0;0;23
715688111410617;0.0;2;15
757222316252017;0.0;0;17
733433987312763;0.0;0;10
717887222137554;0.0;2;1
755440319020094;0.0;0;25
746487541995992;0.0;0;18
717963709093250;0.0;6;16
734068210873567;0.0;0;7
731909252532982;0.0;5;14
750093964297221;0.0;0;7
714647947202227;0.0;0;19
698026019365337;0.0;0;8
732763203743782;0.0;0;15
705571463452696;0.0;0;21
744678767486368;0.0;0;19
746158215093716;0.0;0;21
732908777090584;0.0;0;17
750872339664185;0.0;0;18
738144638981901;0.0;0;17
740001020147612;0.0;0;6
748388803930384;0.0;0;47
752319097585067;0.0;1;8
732319431541558;0.0;0;13
747728730507893;0.0;0;18
746272427996512;0.0;0;11
755366398338385;0.0;0;24
707578859393081;0.0;0;21
751840095587719;0.0;0;30
746608482082578;0.0;0;34
722967989239942;0.0;3;16
732286654298571;0.0;0;23
754917504612883;0.0;0;14
746718554324010;0.0;0;10
733215635890250;0.0;0;7
733502048463706;0.0;0;25
731254748012038;0.0;0;18
738284041589399;0.0;0;27
708782262600506;0.0;0;21
733666243828212;0.0;1;15
749679993655879;0.0;3;17
731168975367653;0.0;1;12
747085026284069;0.0;0;13
720597637937085;0.0;0;15
689164529623379;0.0;0;19
742451245085635;0.0;2;16
720856658453576;0.0;0;24
760265603516105;0.0;0;29
680255884311411;0.0;0;19
709612172499065;0.0;0;19
748796017352958;0.0;2;13
680098267165788;0.0;0;23
685573188643876;0.0;0;19
715399794077488;0.0;0;7
716479223754339;0.0;0;10
692791122506613;0.0;0;17
746265596852293;0.0;0;30
707981473466443;0.0;0;29
688356142972772;0.0;0;11
729875640899499;0.0;1;11
692396970633232;0.0;0;10
733584704949520;0.0;2;14
747871221672480;0.0;0;29
714361956477596;0.0;0;17
715660861334618;0.0;7;15
734397540012235;0.0;0;17
689644648308048;0.0;1;17
753617025498931;0.0;0;18
706756994344904;0.0;0;21
756882333051874;0.0;4;16
717740400250880;0.0;0;19
689388822884838;0.0;0;8
702331322027855;0.0;1;25
687636212426069;0.0;0;30
728947054527027;0.0;0;27
695879724242993;0.0;0;31
756992732915419;0.0;0;14
709389438179451;0.0;0;13
687489097763139;0.0;0;28
730759514355985;0.0;0;16
722413929959419;0.0;0;32
707127273128683;0.0;0;15
744273733752566;0.0;0;12
741628672851373;0.0;0;6
732284735864607;0.0;0;15
760600111924388;0.0;0;30
734392384431654;0.0;2;19
703632640515563;0.0;0;29
703900570784430;0.0;0;17
756667675619995;0.0;0;11
730388482357839;0.0;4;5
748159678944811;0.0;0;12
721929443446523;0.0;0;15
702217803737873;0.0;0;30
754504645522920;0.0;0;21
700441449308624;0.0;0;22
721234463752328;0.0;0;19
760488675347176;0.0;0;18
703870729739619;0.0;0;15
760552066258890;0.0;0;19
749423000905013;0.0;0;13
748492885402963;0.0;0;14
701486884963590;0.0;0;13
729906244896594;0.0;0;17
756070709401854;0.0;0;28
702677406722305;0.0;0;14
703346669624549;0.0;0;12
748612953982792;0.0;3;17
749132258562434;0.0;0;23
758744293637623;0.0;0;21
720786280689959;0.0;0;27
702259686637419;0.0;0;29
721551521916499;0.0;0;44
702751163306069;0.0;0;28
752942722033549;0.0;0;18
729123749850674;0.0;0;16
703925276989461;0.0;0;11
702292549196348;0.0;0;12
750462747944996;0.0;1;7
757825688628632;0.0;5;10
704498207728818;0.0;0;7
760116409391071;0.0;0;3
704081087428147;0.0;1;7
726280752100863;0.0;0;15
749570445269611;0.0;12;20
755059856841587;0.0;0;2
748577309055595;0.0;0;14
726373341629261;0.0;0;28
682154736588790;0.0;0;11
736618222711952;0.0;0;21
704007117036378;0.0;0;4
722107056353871;0.0;0;11
707613441248785;0.0;0;18
724667239084171;0.0;0;28
724931217295673;0.0;0;23
724680512794273;0.0;0;9
707017663393154;0.0;0;10
739116969982166;0.0;0;15
705161729581836;0.0;0;3
744680410731200;0.0;0;28
719065506347011;0.0;0;10
709638711746235;0.0;0;25
710862621210417;0.0;0;6
711532540731805;0.0;0;26
712468316021802;0.0;3;21
711009908866154;0.0;0;17
719189636263030;0.0;0;20
733252195453824;0.0;0;10
721080607535481;0.0;0;16
694018779453496;0.0;0;25
717654991993366;0.0;2;11
745274296769500;0.0;0;24
724967705315328;0.0;0;17
711467521458315;0.0;1;16
706757850010180;0.0;0;25
710786353454911;0.0;0;15
738484405989605;0.0;6;1
746752061716039;0.0;0;19
745610104560157;0.0;0;20
720561749414333;0.0;0;22
695502073014054;0.0;1;23
720513421832890;0.0;0;27
749459060779755;0.0;0;17
716130734882742;0.0;0;25
746240952821103;0.0;1;8
712570383849713;0.0;0;22
716666626409241;0.0;0;8
724187887467238;0.0;0;8
712831777552477;0.0;0;29
715889009877011;0.0;1;14
723667435654016;0.0;0;17
724223738577224;0.0;0;11
737143670877831;0.0;0;22
725237456410827;0.0;0;11
739769602297518;0.0;0;10
736171778829925;0.0;0;13
715291169228280;0.0;1;7
743930130186487;0.0;1;27
726165827990074;0.0;0;14
739522281767708;0.0;0;10
694353436006680;0.0;0;13
705784670765193;0.0;0;16
706980533860160;0.0;0;23
708054568205816;0.0;0;14
732576496417246;0.0;0;3
733286558178962;0.0;0;26
708563125754295;0.0;0;17
711430916830298;0.0;0;24
707243725912709;0.0;0;11
724981371722595;0.0;0;19
713795544632056;0.0;1;29
747564283043052;0.0;0;13
739103692555090;0.0;0;18
736988206144592;0.0;0;4
733356824336743;0.0;0;18
738409812171581;0.0;0;28
739187965498391;0.0;0;29
730728268189989;0.0;0;22
725969832279179;0.0;0;15
733250927643228;0.0;0;1
732472500739180;0.0;0;17
753094399125738;0.0;0;17
735435055269365;0.0;0;6
743341106898828;0.0;3;17
730910780620284;0.0;0;17
739186486484038;0.0;0;33
746268359260334;0.0;0;16
744792753044891;0.0;0;22
753771774851270;0.0;0;38
743973142485437;0.0;1;16
740735122012741;0.0;0;26
751166995099029;0.0;0;29
759711601052890;0.0;0;27
745530585109238;0.0;0;23
747015937393585;0.0;0;12
752843984621855;0.0;0;10
751905814086058;0.0;0;17
734366683681212;0.0;0;12
741075465568215;0.0;0;12
745162900338075;0.0;0;6
748865923671762;0.0;0;4
747568730879729;0.0;0;25
751540789335775;0.0;0;11
739595005600157;0.0;0;19
735031056258628;0.0;0;7
740037910496228;0.0;0;17
733585550887369;0.0;0;27
737216861144990;0.0;0;29
726081450372869;0.0;3;14
754585193958672;0.0;0;16
745043297952601;0.0;0;14
732586228754009;0.0;0;14
735882017495217;0.0;0;11
743828813056794;0.0;0;14
754843715213735;0.0;0;19
735660834803001;0.0;0;1
750505815925850;0.0;0;29
748727669621581;0.0;0;14
714871959648736;0.0;0;2
744795699518275;0.0;0;24
726975599104926;0.0;0;15
750092645467123;0.0;0;14
750621709544143;0.0;0;11
746724780471755;0.0;0;17
744268557679860;0.0;0;19
750400606255977;0.0;0;6
749026869891830;0.0;0;25
750679506301223;0.0;0;18
749545528988218;0.0;0;5
747275515994525;0.0;0;15
744835440099885;0.0;0;14
750871624630151;0.0;0;8
716921812091620;0.0;0;36
745092891515919;0.0;0;8
744195855805433;0.0;0;18
714137090515385;0.0;0;15
743689290680107;0.0;0;19
725305888476253;0.0;1;27
750208289793592;0.0;0;1
744720075009622;0.0;0;15
745542211580256;0.0;2;15
720290989821932;0.0;1;14
755777200951035;0.0;0;12
756446168588117;0.0;1;25
747426526778320;0.0;0;20
744492604085566;0.0;0;15
752657016297632;0.0;0;17
744642949594859;0.0;0;20
744056744177775;0.0;0;26
747915836787374;0.0;3;21
742185182779415;0.0;1;17
744386665695625;0.0;0;13
753259418591284;0.0;0;18
744682167013384;0.0;0;31
743926916511172;0.0;0;19
751829207708026;0.0;0;13
745948358180348;0.0;2;19
752434783654104;0.0;0;7
755548731029753;0.0;0;6
743966173574255;0.0;0;25
715661432319487;0.0;0;9
747840746367548;0.0;0;11
753997395087758;0.0;0;10
695536424121377;0.0;0;23
717144972615858;0.0;0;14
732504999668275;0.0;1;19
753238223546333;0.0;1;16
719270968128078;0.0;0;20
747676559720486;0.0;0;20
758484557842982;0.0;0;28
756437990597117;0.0;0;24
752843335709335;0.0;0;10
758740262312963;0.0;0;24
759597263445043;0.0;0;21
757630932858459;0.0;0;11
756466332005828;0.0;0;8
713251403627662;0.0;0;15
748389861580361;0.0;1;8
757488406772905;0.0;1;5
714022288538953;0.0;1;10
726156596287535;0.0;0;11
729717747261586;0.0;0;4
755700474897355;0.0;0;8
749423889354647;0.0;0;32
717433927114110;0.0;0;4
717619907117721;0.0;0;5
747899987744422;0.0;0;9
753512340556200;0.0;0;11
714317595897818;0.0;0;8
757516797685322;0.0;1;17
746832343371412;0.0;0;19
721075169577155;0.0;0;28
755179566377279;0.0;0;6
739518916008193;0.0;0;28
754774411343362;0.0;0;9
692016057942448;0.0;0;13
718446086440422;0.0;0;22
753547604844455;0.0;1;16
760554818933201;0.0;0;13
725787485503758;0.0;2;28
732952694675108;0.0;0;27
755701434727327;0.0;0;20
730092745046319;0.0;0;33
754908903644764;0.0;0;12
748091819443827;0.0;1;11
743643964129886;0.0;2;1
748822027924462;0.0;0;7
754253873511668;0.0;1;16
745421820864872;0.0;0;12
719028334637361;0.0;0;14
757892570111448;0.0;0;15
756738673870907;0.0;1;13
753584668510114;0.0;1;17
757779796201791;0.0;0;12
760374361415745;0.0;0;15
746610958495285;0.0;0;13
758744024032793;0.0;0;31
716588670258040;0.0;0;33
716439766647287;0.0;3;7
729082367719560;0.0;0;16
758263196233089;0.0;1;12
754132677969756;0.0;0;25
742331801885317;0.0;0;4
734353017452637;0.0;0;34
758182257045487;0.0;0;12
754321861486690;0.0;0;13
756693985915629;0.0;0;18
753584685474382;0.0;0;23
750466878204503;0.0;0;12
751283661483447;0.0;4;15
719188421759521;0.0;0;13
709380481286467;0.0;0;15
754656705705635;0.0;1;4
732366724093344;0.0;0;7
751798756169279;0.0;0;10
759742282719676;0.0;0;18
730542577807688;0.0;0;21
737213200307803;0.0;0;18
747793528764606;0.0;0;14
756663265135285;0.0;0;23
731582226778146;0.0;0;21
744235464538253;0.0;0;1
730396823796690;0.0;1;8
732143686628737;0.0;0;20
758663009928651;0.0;0;26
758000066384585;0.0;0;13
745018399335548;0.0;0;15
760674308067859;0.0;0;18
732242013264974;0.0;1;7
749389189302618;0.0;0;30
726787999100476;0.0;0;18
760410108977586;0.0;1;12
748162495448469;0.0;2;32
749163273610545;0.0;0;21
735107308860114;0.0;0;7
728310518335201;0.0;0;9
739033400400163;0.0;0;35
734397014349765;0.0;0;24
734035686029949;0.0;0;24
757001209282974;0.0;0;23
744753838599389;0.0;0;18
752058275741255;0.0;0;22
759366420621015;0.0;1;12
745306959532738;0.0;0;17
759895353516595;0.0;0;18
747322417608658;0.0;0;35
732771070920101;0.0;1;14
734173816574663;0.0;0;17
755322384773077;0.0;0;9
752315410427391;0.0;3;17
747049528721208;0.0;0;31
759189116317555;0.0;0;22
746610645940370;0.0;0;7
757631992103082;0.0;0;9
747156624216849;0.0;0;9
732545771431272;0.0;0;15
747686586340925;0.0;10;18
744634155473582;0.0;0;23
747128982079537;0.0;0;8
728683058647857;0.0;11;14
745758749503160;0.0;0;10
750757837558671;0.0;3;6
731991964337891;0.0;0;11
719933806586793;0.0;0;17
707907164577150;0.0;0;12
708170101389115;0.0;0;8
708536773717800;0.0;1;20
755913424973185;0.0;0;4
689528876135411;0.0;0;21
732586119960466;0.0;0;19
706424480870072;0.0;0;14
708127647368798;0.0;0;7
706798590101137;0.0;0;10
708540437167184;0.0;3;4
708058318652209;0.0;0;8
708132371044291;0.0;0;17
708315983218593;0.0;2;7
720641724650204;0.0;0;11
707056924141342;0.0;0;7
726722940458403;0.0;0;30
706166396109093;0.0;0;26
756149710432202;0.0;0;12
705834896430678;0.0;0;19
705908181598581;0.0;3;12
691869169479169;0.0;2;8
707354743424432;0.0;0;10
707021837632856;0.0;0;15
757590253534981;0.0;2;14
747979406598314;0.0;0;21
694537765358726;0.0;0;11
748824103790790;0.0;0;25
734102068734519;0.0;0;22
708238692467720;0.0;0;15
732323761066554;0.0;0;18
705496445731053;0.0;0;17
692645985213484;0.0;0;32
705944249208049;0.0;2;5
706687245424907;0.0;0;19
734838435029716;0.0;1;18
718744855235479;0.0;0;33
707983601820302;0.0;0;20
759590078954604;0.0;1;23
692167613421202;0.0;0;14
732511358124930;0.0;0;6
756595584476486;0.0;0;32
708393019265735;0.0;4;8
687684753693874;0.0;1;17
706762339627993;0.0;0;12
692387472890200;0.0;0;6
707206089381889;0.0;1;19
721439695581068;0.0;0;12
752499552651800;0.0;1;13
745761729034807;0.0;0;25
718447589433595;0.0;0;27
706241585123167;0.0;0;12
719894713630040;0.0;0;13
718917593909856;0.0;1;14
718995580085132;0.0;0;12
733882596541966;0.0;1;17
717931922992408;0.0;0;9
706465011632125;0.0;0;10
758295236311626;0.0;0;32
705722194362330;0.0;0;13
708352611255851;0.0;0;5
755317387878529;0.0;0;24
707835223141369;0.0;0;5
705425539996847;0.0;0;10
754067266770411;0.0;0;20
708614476922251;0.0;2;5
757864109446486;0.0;1;35
717511519296610;0.0;0;21
717663519046951;0.0;7;18
758003776358041;0.0;0;14
703869280998505;0.0;0;22
759743774525807;0.0;0;11
705642326756489;0.0;0;8
708203703673081;0.0;0;11
747086392692257;0.0;0;16
719747070641681;0.0;0;5
720781812540285;0.0;0;31
732060685699552;0.0;1;17
733292802551790;0.0;0;22
694612871500066;0.0;0;22
742672123072145;0.0;0;6
705866480288058;0.0;0;11
756952687402451;0.0;0;33
746308984451696;0.0;0;18
705685894793591;0.0;0;22
708388217215464;0.0;0;21
720189229911299;0.0;0;20
758668951615334;0.0;1;24
694216680431157;0.0;0;21
706051366097584;0.0;0;7
752766579350131;0.0;0;13
705974785303544;0.0;0;17
752015075485889;0.0;0;15
689790029163140;0.0;1;24