ID;popularity
7602656035161050390;8.603777087302733
7590718903144287510;8.537733549884212
7571821778746592534;11.208494585155858
7569927329154190614;11.982351988612654
7566270741134462230;8.678486868793419
7536170254989315350;9.098026419565741
7520640970199698710;6.677817800058062
7496799936558796054;10.290548810616414
7487960173529582870;10.047857333506592
7478712216724802838;8.261354042858393
7470850262840691990;7.1786784970429975
7424512450856357153;10.176024415981386
7416286728513735968;8.650014979429123
7374727208394411297;8.435746767759456
7361057454454508833;8.195963656495739
7343975400122354977;8.508880872260624
7322847358646078752;10.139768620819527
7311689753676533024;8.692302673170918
7307595143559859488;9.631209657871734
7298756408994991393;9.152983221248382
7272755309658098976;7.722172532449958
7226766521719213338;7.692787658069903
7224139299594194203;9.475824694207219
7208566584535764250;8.313005101765244
7205976379370851589;8.508286390136641
7177404002508803334;9.503094571824263
7164792237543394566;7.9000931931029745
7162183685423385862;9.053639678258454
7153997940774882565;7.917916226541978
7143619564775968006;7.114844109552104
7138043316087606533;7.254695182200444
7114705253899029765;6.890428806518243
7107270367303044358;8.528427000662646
7101685930276293894;6.8149682720812015
7096121724990655749;6.845072640879961
7079814734664436998;7.889236402685706
7071272731286834437;8.101338020560785
7067569943449046278;10.435348657860834
7063121025394855173;7.565749753791899
7023313220278553862;7.330188755473034
7019559155425955077;6.5654108815293695
6958797242429934854;7.266318451232435
6940653001791130885;7.088536347351482
6927911225066130693;7.336237131049794
6896446483080482050;5.834020589262737
6893888228848389377;6.77468877444827
6891645296233794817;7.159096115207141
6883561429727726850;7.399865073867474
6876362124260691202;9.388250503860222
6874890977631390978;5.561167792776604
6855731886438763781;5.414638681858129
6852640471013920006;6.646437669727409
6847902541095668997;5.72739540731494
6802558843114114310;7.41388928131696
7603743614157458710;5.576055733242207
7595972634450431254;7.398532608270821
7587402623129636118;7.136318399550961
7587440240327937302;6.886971096167362
7584845578429828375;7.073778154630111
7581822570454879510;6.886398677156703
7579299127637363990;6.83523023271643
7580305629634399510;7.6894066699122074
7578925701114481942;6.986174746557186
7577797962017918230;7.570128036139336
7576309328584592643;6.863061985256013
7575167976853228822;6.150064999528931
7574884067729050902;6.894346602555532
7572598154063990038;7.053007409827758
7567386738709073174;7.0887524685763665
7566939859156290838;7.2801946156517765
7565890573115165974;7.762650251382493
7563265888623840534;7.534906530665483
7556999098637880598;5.736730416539426
7551795663772798211;6.6765844235628355
7549089036447649046;6.629220297399009
7547744113433627926;7.741892703664294
7542538735116684566;6.866383807789102
7541326779697564930;6.30716899669452
7539973950877584662;5.876033960768674
7535846854743821590;6.582153077093879
7535846685101149462;6.614416855064103
7535846060476976406;6.841750543514419
7535476048444558614;7.058370627131547
7535123405562006806;8.310357337732285
7533124404062981398;5.798878797429394
7532382235463339286;6.409933877610831
7528433357093358870;6.4377687664054175
7510479503592901910;6.565477869581639
7509512878026788118;6.31708304388191
7504668782045039894;8.173973908555505
7495322095065238806;6.707348990309235
7494238893546474774;10.009602355653461
7490222588883422486;6.891303111875891
7488220279244623126;7.263831116770036
7486138878026321174;7.098503504973482
7483898615803612418;6.689159927650997
7480918194438278422;7.53626143880648
7480563839319264534;6.612240949958432
7471286673494527254;8.227443573270728
7470532387223407904;7.008112107254094
7468709057516326177;6.864807441584879
7468323433714126112;6.9636230957112115
7466109584952855840;6.3895987032573
7463198577188146464;7.043441371678665
7458328611213298976;7.1004183024174985
7451579890048027937;7.32468561198093
7443846446362774817;7.056356215776025
7436439641298865441;7.873497824447641
7423318018853178657;7.21248108058038
7414073681992895776;7.669565298012144
7397062762150513952;7.819410406156772
7395189160081935649;6.525575091124223
7350221322317761825;7.587914253240659
7343530174526377249;7.858870527896502
7336238126651706656;7.570461294045018
7329933240775527713;7.869095241732068
7329526946751089953;6.984973285946415
7316851921288006944;7.8348429775797195
7300927450463194400;8.447596943422162
7297177472615861536;10.590281984709867
7296855348714016033;7.36183741796352
7290823677195603233;8.1766032014433
7261565962875358491;4.877933087484883
7260104911830945051;6.072737853892582
7257874855037586714;6.969312175522948
7210751695771553030;7.067506510886377
7193808719287766278;6.868064891925084
7192709681280781574;6.6307520520996945
7191884217595219206;9.963308301488658
7190283346373610757;6.583901545189885
7184460864404229381;9.246009566262781
7183681305203330309;8.42560522480493
7171449726158589189;6.834116398928825
7168916057166597382;7.683265935183141
7164397666472873222;4.791956438472281
7161354120849427717;7.177216240838674
7143175958978186502;6.8227820467961005
7132514036276628742;9.452095444665403
7124374690520419590;7.385839434717125
7094270154275605765;6.798742498196827
6958338154617228549;5.265242298321006
6955364241213771014;5.677922900890548
6921604099553119494;6.848252027186809
7604808799404264726;7.690453494994415
7603273994216738070;6.852087470451016
7596993704146046230;6.717418604922002
7593041331174362390;7.8607018160863555
7589754729350155542;8.980720544048452
7587308013363449121;6.84805884101061
7583720650200730902;10.213776440796677
7577768828214512918;9.426407581374383
7575831202117045526;7.822857236524454
7574767270392532246;9.394895775347315
7572922723836431638;9.640512487148547
7569206708090850582;7.718321684292672
7568382003330993430;5.865698740372134
7566297785914412310;7.436307892355217
7563724139240885526;6.104587345235775
7556661292233379075;7.417073765263556
7553924193562266902;8.227141298606385
7553554500972367107;6.873631595606225
7545446733921209622;5.368811873161017
7537707440142454038;6.902808239553915
7480851478555659543;5.826182970568617
7478288153153916182;6.959723522044387
7476404323317222658;7.452303902917204
7474625701350509846;6.843642957276159
7473095088948759830;6.175667522233536
7471251146288418070;4.9371296558795565
7468715378743528736;5.451100582290871
7467231080735690017;6.968073142171571
7466117788898315552;6.975761811424759
7465375886779403552;5.7163734270103665
7463520186876939552;7.166096976419322
7458325240628661537;4.797336482383413
7456840693982465312;6.7148802776362215
7454985264952266016;8.187342087930068
7452758752337399073;6.628520597758919
7452387800818666785;7.050730481806212
7449430237114404128;6.8870710575324585
7444595106025442593;7.147055638892247
7441626192760884513;7.180290053320268
7440465091817999649;10.765744475604802
7437536576072125728;6.024824397303651
7436650165861141792;7.363607715339592
7436403924350864672;6.7400257644700305
7436044441170857249;4.901854450990649
7434931188642352417;6.821072254372825
7433817907278269729;5.1757362659330655
7431168865142328608;7.22844143350819
7429720640111791392;6.834564252475541
7428251635102534945;5.398206815718308
7425965869924142369;6.768098333180674
7423773390932135201;7.0067333228494695
7414443436134223137;11.290656802367133
7412540786975231264;6.508176060173065
7410298388022824225;8.897888579544338
7407736509996043553;7.304604512220981
7399196283501628705;6.2303895186407745
7394351547376880929;5.621009819157686
7392856168214957345;4.8977350164208024
7390632928780340512;3.6744377988264287
7388867149407849760;7.375650594306748
7387308322162052385;6.377203652620273
7386194546062839073;4.949815174456245
7382166710029208865;5.39304580166981
7381115594076146977;7.054323506160307
7379227737271094561;4.52312419561994
7379193504355978528;5.026683028398096
7378467106636991777;5.721881343682563
7377004580510436641;6.483177026638707
7376630682824576289;7.1942366473020956
7374412100833250593;6.41359453759109
7374072615356353825;6.593606470607331
7369936386000031009;7.4352136609741235
7367273018181160224;6.835198520730956
7366603470272515361;7.891587170495701
7365841944318086432;6.166612518179525
7365161137324805408;7.240465173456645
7363657122795490593;7.690237688382936
7361799258107841825;6.6581605723548
7361030582446378272;5.6440341584879015
7358723892992642336;7.320515155383838
7356509644170333473;6.903016658298001
7355765566625402144;6.725450976982837
7354275810578140449;7.725565279611927
7354009165796216097;7.047858383794818
7353535610641976609;7.951984470896122
7352233957276044577;7.263737410650931
7351779832969104673;7.118043602226253
7350954462992682272;7.459600769123324
7350708094302735649;5.951653106924597
7350207537771220256;6.9876843043532615
7348717316856712480;6.910962275471317
7348379737519082784;7.159144894824292
7346110636008475937;7.445572111339153
7345543122400726305;8.194692934996873
7344270149593091361;6.997732527701992
7343256943923858720;7.364413769971725
7340916267571858721;8.232106409606073
7338052242651598112;6.609944548643744
7337268516128591136;8.112992882462015
7335091592077856032;7.74637446886987
7332835826579164449;7.346765625158023
7331811695360363809;8.31188377439546
7331415350828911904;7.298906017983459
7330883086684622112;7.365332004556367
7329423244992236832;5.726725284756966
7328709134126206241;7.604574466631485
7326123173311728929;7.969877477257707
7325724813115346208;10.848137721906578
7324696131143847201;9.727830230916586
7324283735749266721;8.361302716058447
7323972466445946145;8.072475966514656
7323612868484631840;7.779568318207614
7323108113698147616;7.95569431591791
7320909330314775840;8.266563503983358
7320159598290226464;11.424442059726696
7319513643534568736;6.714147331190515
7318707614332849441;6.352424096745063
7317664309432077600;7.406394370241721
7317307650499251488;7.389508268640939
7316470398261021985;8.774827062247153
7316159323728661792;9.234283389810852
7312076882822909217;8.891607790498734
7311663059695570208;7.298889356680536
7311263969220644129;7.348849226798187
7310626433129270560;7.71540455297572
7310258308969991457;6.914041701307181
7309427596553489696;8.073701596829478
7309091598472727840;6.9930017389094665
7308758430318071072;6.958434897364332
7306585450305555745;7.042744376417171
7304665669872782625;8.031038844193853
7303586993965960480;6.9448337037237415
7303174310259166497;8.26886896013193
7302346370701118752;8.88946415816781
7302041138670619936;8.9108571853693
7301229129314159904;6.253099825970671
7300846195444927776;10.410594727698559
7300495910595808545;8.406852688960793
7299732621825690912;7.788810642065482
7298264093100674336;6.293753000013992
7297134358689860896;11.097066702507789
7296115605927644449;9.065293840075162
7294901504752782625;8.413450090526798
7294149539781463328;6.329950041007113
7293176268361665824;6.864885028217239
7292048482456587553;6.495764655001067
7291300657355689249;7.812966957688344
7290955653349133600;6.322361818899147
7290457107726339360;6.85782613637138
7289785625367153952;6.4629206520537075
7288326750243704096;6.833516271235115
7287986771483282720;6.8403004606422595
7285256841158790433;5.64158593223877
7284876929713442080;6.088756795059929
7283524894585883936;5.181938490868582
7283139399582240032;5.680973561699908
7282663509505133856;7.258504851117323
7281279828307856673;6.593221300228707
7280571511138782496;5.787696933681492
7280108212878200096;5.898207818303258
7279032970286009632;6.558804689322778
7277939332831251744;6.159699321970299
7276041559500475680;5.048361794227246
7274647533002034465;4.308111355012435
7271935381937884448;6.725901577609976
7270111755886415137;6.4252848475348365
7269759073967525153;5.857098870607208
7265326628274752801;5.945155213040089
7264958192017362208;4.597466349247265
7264173669612670240;5.696235895007784
7262342975752113441;5.922916450869575
7262001980095106337;6.3230601187154445
7259455690996075803;4.680591961848803
7259047429796908315;6.294630930689911
7258676118033599771;6.2369245403407705
7256066819247623450;5.882013446347075
7254561581449612571;5.083160781729091
7253425216984976667;7.687834758197941
7252685251112176922;5.699883219685682
7246768104922008858;5.971803080716717
7245708272181759258;5.521881530519796
7245239505911893274;6.493974060460119
7244550731141844251;6.098834034328327
7242719682128530714;8.025177689997985
7242348894435167514;8.902188992210249
7241956873698577691;5.461331867899977
7241209133540609307;8.736462122498018
7239735340737498395;7.355125999182077
7239344688006728986;6.6776014005928035
7238235896724704538;6.958571263711787
7237872414581935386;9.183052483752695
7237511650532773146;6.693794313727903
7237120496020573467;9.86706515364331
7236760874646637851;7.284264050617449
7236382869650689306;7.262382715742533
7236043111128894747;6.784121433053666
7235651777805290778;6.361594770087313
7235266120414924058;6.811398655986916
7234782434531839258;6.614422180177855
7233784589523717402;6.098848814682077
7233472157588753691;6.312568530896586
7233097610821700890;6.4934568262226104
7230327665918512411;7.458264507508416
7229342870518385946;6.117172314510882
7228975701066550554;6.203287900117561
7227881339125583131;6.5278192389677425
7227547227005209882;5.597779078417323
7227138868447923482;7.171291012534949
7226734943869750555;6.547270517608521
7226428593075752218;7.807005678402929
7226043488738069787;7.957078359850777
7225632323146943771;6.68829248052814
7225296808900152603;6.358966823596463
7224934115089370395;6.99579410152295
7223080468101483781;6.639150740119126
7221875155184733445;6.005705659012136
7221552853356236037;8.509179955816421
7219686321739123974;5.42506560137662
7218857185764216069;6.9626041419686455
7218493650160897306;6.143532853575555
7218219061707033882;6.544041980950377
7215656408069442822;6.854783842017957
7215124561799449861;6.649869082453639
7214767845383900421;6.5446059875720985
7213655175318211845;6.607473588610711
7213453348270378246;6.245242765174299
7213053350290459910;7.894923624561583
7211932492914298118;7.492605730916879
7211431817205878021;6.691320253421429
7211130311667715334;6.6612886367516015
7210434710646836485;7.339887604530087
7209925340557348101;7.819992699275045
7208839545989762309;7.490695010860308
7208539932422425861;6.806810594009425
7207350500419702022;6.915999968219714
7204907848449527045;9.047808330605683
7203810617180933382;8.4703215986537
7203048812351327494;8.804711968028396
7202313398300724485;8.92789909336967
7201579247616494853;8.284793749045052
7198831282984324358;7.475299063345482
7198189694750838022;7.635636940001489
7197445468585037062;9.629074137869164
7196711667420384517;9.888656110285579
7195937456271691014;8.439790232319023
7195215450970606853;10.117587906158846
7192298503878577413;7.449509140344347
7191848035784117510;9.105060204381846
7188587993752702213;7.954760612319099
7184844462525287685;7.888735452608174
7184090635018784005;7.413234612486902
7183009043407965445;6.37652776819075
7181547992061676805;7.170774242134583
7179688144382512390;11.737733429158093
7177655896699325702;9.262687645069503
7176917454893911301;10.024364479286398
7172555111879757062;7.061063928007659
7164772525006720262;5.5064534728253935
7143162692004482310;4.858167159992668
7137227107456879877;6.354903941721161
7135716231218318597;6.231563772919291
7133481707449142533;7.440779890763851
7130906655885102341;7.077475178431362
7130612533437762821;5.940168911216536
7129505006046170373;6.956348266011287
7127182082568113413;6.161003285715356
7116439198285958405;5.263535861937019
7113851055355596038;7.257183862776846
7112440653350571269;8.863569140827158
7108997263912979717;5.861801961061075
7104552926231743749;6.439062903101052
7103816728982916357;6.770678700879594
7101649191662882053;6.541053824219444
7100934148864494854;6.8011416675989285
7098701138203069702;6.758463380429007
7095721528142155014;7.505029536890686
7088619536202648837;6.0651250987087115
7078227199463066886;8.007538138515788
7077571361660521733;6.963703295981596
7070162555695615237;6.741092902134903
7068640088774741254;7.087055995317841
7067063225736580357;6.1423352728694605
7059301793574046982;4.6975407781045595
7041273346830454022;7.07900587625755
7040300833019415813;5.656838876146128
7036035511869246725;5.62126050757692
7013121880366255365;4.133432130848534
6969101040918465798;5.684590985754206
7532594185912847638;6.941720252639657
7524347836541046038;6.5665868260354205
7518292077080268054;6.69811076221769
7508716246301510914;5.479296504875154
7506795063012232470;6.372959520820177
7506217095441435926;6.1544916617931475
7505058159258504470;6.630930281001756
7502082897935928598;6.316142782157724
7500926454671232278;5.129664665499311
7495455289882184982;6.12462704667203
7490268698918309142;6.467764012705811
7486391346727537942;4.866864476161936
7479158367873748246;7.065115932634305
7478407463675481366;6.701308424920178
7472755159945252118;6.513246593133019
7467247804717550870;6.801082175674674
7459483581803482390;7.812180986403708
7457155091238259990;6.769215144220505
7455422115802565910;7.309021448647623
7450928915159190806;6.4366406962007545
7448354400998853910;7.349852071727615
7447200750096223510;7.279160711516729
7446429495948594454;7.666335727701667
7444926040855661846;6.91454379657329
7443866656956255510;7.876139527589279
7440567441777757472;6.959765843018909
7439661735742557472;6.6140795645297485
7439269165111725345;8.272815187867629
7436892906801073441;9.060523928821222
7421851827794152737;6.155910484489872
7418157210896698657;5.493137520751858
7269755991049260320;6.806870595706918
7253058884762537242;6.80043150007104
7252274964206832923;6.215329727961709
7250832194392886554;5.529111612012779
7245283945619655963;5.644526352007956
7239748390974704922;7.626418138099743
7226711933150432538;7.000486207813573
7202909898219326725;11.881074735832268
7192172787723783430;7.626176791691469
7148719596487363845;10.250017723450716
7510326060676975894;9.429345840722679
7494590607797554454;8.398471768271355
7494205664135236886;8.733259165747922
7483554122663234838;7.2686295666866325
7475642830430522646;7.994939228339669
7471186366500539670;9.454936344641572
7467520617160396054;9.753838454269292
7464890614258158870;8.416618580323798
7463516081081027862;7.8286451674638675
7460568175726398742;9.204959970585271
7458380266004843798;8.070959614136472
7456101045601570070;7.940697572467614
7453132168940915991;7.743821182567435
7453016788465454358;10.80588716546365
7452742967695002902;10.243629936715356
7444856032486116630;8.153214621531008
7439301301864877344;11.244975834018355
7397696022975188257;6.87305824723632
7395222817677085985;6.5832278868497465
7384844059896057120;7.145084260583845
7384476119744974112;7.958000069261347
7384098121715813664;7.631031278874897
7379994182741429536;7.6412233517760795
7371436708778315041;6.157749748832125
7369882061445926177;4.9704472173892755
7361717788299250976;6.186584845320629
7351084194061126945;7.390103826308205
7343665662876781856;7.2670362479397514
7333568243367431456;6.865162523229138
7332865581789629729;6.361675766048943
7332521954538245408;7.717576770480501
7325764964172467489;6.9080827179951285
7282668264617004321;6.730169963330418
7273016085954317600;4.276220250858878
7261658279900744987;6.4058724400600635
7259307845332602139;6.155984526644903
7252374564108274970;4.517208428342846
7252271385467161882;6.9452590980670745
7251996103178997018;7.746561654834502
7249813717225950490;6.3487791257084885
7249677053153283354;4.474764898950093
7249312172956732698;6.957111409287573
7246805127942737178;4.540229085000715
7246672390841715995;6.644279353951444
7246343164108295450;5.530101337048856
7246301041979886875;6.270466507822283
7245182525016935707;3.943073387882971
7244559099352976666;5.009370364989539
7242237385772240155;7.43046630003218
7241878874672385306;5.338577876970935
7236674356540165402;7.736079267528741
7221070563538717957;6.711166864151849
7216240671097736454;5.330431724333175
7216007272311344390;8.225227095216582
7215611067286703366;6.663920848243084
7210806075354811654;7.944848048774406
7205961411942468870;6.340691587010908
7205134218328902917;6.964435155588023
7191896362630302981;7.006553732019844
7190655063470116101;7.711568425389972
7176549919933664517;7.765764031120993
7164417550791494918;7.2264918400683005
7163942959916895493;5.332003036645995
7161307348827426053;6.595716569252627
7158890098770119942;5.364894194397102
7152911692282809606;10.231491290039422
7137955446320565510;5.757024745669033
7125703838497131781;6.472102735103398
7115325407318052102;6.823527300710279
7114675214583155973;4.984280243086389
7114309168302984454;6.776785715089783
7110099088661548293;4.7047063960122895
7107863534549110022;5.527170167846235
7096387117462359302;4.093796749834637
7094149805496159494;6.057107245849907
7091569180054490373;4.68327600905137
7085631257542954246;6.356666182657483
7080545682058169605;6.057404851811584
7076134412487855366;7.653122363353226
7072774694214044934;5.049950533480695
7070176633931549958;4.568502604897466
7069805338601606406;6.3578094056333825
7067959925141474565;6.388187959326867
7067578500101803269;6.480593113085659
7057846707651939590;9.591861046334927
7051617295818362117;7.078049250925386
7040071170363788550;6.86727974059765
7036282180816932102;7.435626248537584
6944298636553604358;5.917317591178009
6943534360066804998;4.152995046022873
6940187794534960389;6.174387440810862
6919872357288971521;5.937554819062424
7597370054556011798;7.88341947962348
7591860205567151382;7.285654814663207
7590299923803884803;7.501715665224644
7587833111010954518;8.043787729924743
7587702184708558102;7.338166307941531
7586610643130764566;7.644791676521763
7580401530428394775;8.590503309284143
7579238923172547842;8.85979182324
7572235624627899670;6.348481782649347
7572223162520177942;6.893868175456235
7572210786991344918;8.040774446573309
7572210750937107734;8.01608904311274
7569964600523853078;10.349457365297283
7565230748026899734;9.93974081213602
7558085942557347094;10.14055834103885
7556260834817723670;7.3197384100428176
7555760932794764566;6.684439632328355
7554403190200945942;5.412367448656509
7553663983383858454;6.8561630311032955
7549175046128831766;6.130509578144162
7547707789863406870;4.382539426884782
7542515768215211286;7.604234590094603
7538370537211432214;5.405253587239613
7538076349500689666;8.105204630301683
7535840388725378306;7.122399936518581
7529912051498552598;6.093369581429525
7528398053666016534;6.578947563231179
7523190975850679554;7.3085857731925365
7518400955877199127;6.538019959129395
7517305745210232086;5.368805369988642
7516934430083091734;6.174411118150951
7515834191922072854;8.632573695626888
7514700901009886486;6.2857561227110565
7512478582627732758;5.461092379776205
7508723396641852694;6.989298885701647
7506824474902433026;5.9491219825767985
7500939642972212502;7.426282193462929
7491219464474856727;5.918949380463284
7486043762590895382;7.042074549829212
7483888039303843094;7.295911271787941
7483430893965626646;5.852268363535242
7479068329584364823;6.256242165877113
7477287305078934786;8.369753262962302
7475273206497086742;6.2726270442630785
7474850979473640726;6.829655057219453
7473874393719000342;8.354125997928787
7467999174936644886;7.333349453663793
7467185543240109345;7.164549969214724
7466084820825787680;6.989171965474346
7465291116045208865;8.091567114418035
7464875419959921952;7.404406060678254
7459384907962305825;7.16272431616945
7447515391426825504;8.17979610776229
7444957131670949142;8.523455529169492
7444192177149742358;7.214751409962988
7439254923365059873;7.944937675293863
7437476740533865761;10.143528941596076
7431201197672975648;6.984310263197416
7429721456851864864;5.766860247999981
7426709076924484897;5.9972609352381525
7425904564697632032;7.132553970662066
7415546238927523104;5.158419141680849
7402923905754746145;6.640368585126501
7401059521860209952;5.467497782161403
7400010201476123937;6.421610846853807
7396981634572078369;7.757513296720917
7396708038398266656;6.1168323891266505
7394757283214806305;6.462166251407334
7393953054967581985;6.44409059685317
7393260705048268065;5.276456912495732
7392879054988397856;6.123555494291751
7388136382436281633;5.619301739383402
7385258008760028448;5.136104345600291
7382840415893998880;6.680632641372708
7381446389819018529;7.799294301236042
7369943098031443233;6.358189536154077
7357327030335114528;6.477127257444438
7355500880721939744;6.790686759409646
7354375095868984608;6.6678071607949985
7350265065762819360;7.121721975747496
7348433044216253729;6.670485314014261
7345082142235413793;7.470436488632983
7344271684406349088;7.147218412961421
7342531903209114913;7.217800109122774
7342403362714914080;7.583233758548023
7340682108735671584;7.2418007983108135
7338384626773216545;7.147541146870734
7337687297132973344;8.148478637016431
7337328365147295009;6.75408158279592
7336662438282120481;6.903352538377382
7336480513269583136;5.328604631186921
7336193209883839776;7.959459473712736
7335348681832418593;7.692340302002055
7335020484637068576;7.592400901283656
7333604507793853728;8.142941230705725
7332775399883033888;7.221795280894767
7332156358902500640;6.922930143151587
7331017914612567329;7.462170971187815
7329087770905840928;10.29661247289305
7327632037437820193;5.454780249704571
7326887540705873185;8.245298533063078
7324339550283664672;6.196053296535899
7323194315415588129;7.467847046344286
7322866542985710881;6.608964513195328
7321969929564065057;7.581997769768628
7318769443222359329;6.677531317436907
7318026666939256096;6.798785757395979
7317653042533305633;6.896969845624818
7317290713673190688;6.871292695923639
7316431760194096416;7.331655678462198
7314335987033738528;6.5132989132147365
7314256868556213537;6.183952989960067
7310606511775026464;7.839511589966988
7308389510113512737;6.651584428865728
7306457226254781729;6.829821187462077
7304693853758491936;5.928576361521568
7302352085796916513;9.14876152370923
7297157611294706976;6.030456665634184
7296501143700606241;8.176875451474006
7277906809787059489;9.732842821091692
7261564389075995930;6.565039986315721
7261562285791956251;6.817667207735557
7261499359819336986;6.990617821854696
7215238321247751430;5.843217097878131
7211565992852475141;6.641111756943763
7202617948983315717;5.637628381863197
7199586123952311557;5.013484486968982
7195225752541875462;5.205373815988021
7193338808870456582;6.588015822234813
7192237337412177157;7.770390686743595
7182218891702127877;7.2240515250882495
7179637090932509958;5.669754568871084
7173707401302920453;10.884791856089487
7169948893805825285;7.602799175485534
7164769032430767365;6.012637984299354
7163552631053503749;7.0941717358648955
7162174902865251589;8.165020768628354
7155814731897376006;3.4876292508459388
7146479472022277381;5.662382316244174
7145813168818900229;4.682154472350369
7130620750842678533;6.099089271817791
7088705916027063557;7.704182477381255
7087822626005060870;7.58805146697213
7084890005491010821;6.869062613264253
7081140277083213062;9.965387275021037
7079069070078889221;6.858195915044983
7077597820538146053;6.974977288291039
7076423248698690822;6.898764903563888
7075788593930816773;6.597773491253387
7073510812542913798;6.723197386999495
7073157554024566021;7.339145339895137
7071521897082621189;7.499830494541956
7070550742880292101;7.8292472372932815
7067217215925275910;8.494849191272047
7064489288125189382;6.428518021697449
7063459529668742406;6.836499135750057
7062023531764256006;9.212002449561245
7061519229182315781;5.569361053988097
7060887870688529670;8.052835275348958
7059414649581604102;8.929749802847333
7057560274424958214;8.382490156134445
7055714634526969093;12.73823974674833
7055321327174946054;6.643211461023667
7054948838716493061;7.805377589820599
7053545705868152069;7.138306106400028
7052727837165505797;7.607660513558678
7045558641969073414;10.34592336324328
7039259712038112518;6.964695788451607
7038189746484563205;7.374431036241607
7019307301299424518;6.260430164377112
7014030961486630149;4.583413433871533
7001083090462346501;4.146712895235588
6994481888182144262;5.883182301285087
6982843678305897734;5.040293081260424
6972416280762649861;4.482151824408544
6963197595422346502;4.082875981168899
6959192993014287622;5.590364763112023
6952049416425590022;6.47893230708448
6921227616347327749;5.414746362920142
6919824999914245381;7.230560344097913
7597116010528902422;7.380890741519997
7548437152137350422;8.813566278839668
7545851939586723094;10.188904788254767
7537717748512705814;9.539426880975235
7530943991257386262;8.792529326937101
7528439846218550550;9.21782735418549
7524285666692271382;6.653304168016036
7519058140860583190;9.590549468649401
7515407893357759766;7.772519761457026
7511669950990290198;9.355329600221305
7496845046814166294;8.943918013604778
7475687308797299990;9.403380157364714
7470159373935856918;8.81951791829626
7459403430122097942;9.10449437774945
7458331354212666646;9.042276682112242
7455305851092389142;9.702199226959324
7451629003380755734;6.8449445342116775
7450432979526012182;9.230781997303946
7439731424854379809;6.690175145077319
7438288130567949601;7.374689230160788
7434514141697625377;8.960381817977877
7433411068988280097;8.996525801991773
7414109220523511073;9.694710287612867
7410754655682153761;8.10710266107199
7407843953539583265;5.224270446001247
7400379104962284832;8.49864668751786
7395950056001572128;10.136208267661075
7393316600922885409;9.040901558486388
7372168611449900321;8.266170604816534
7358820174952172832;7.15546197000081
7356608348030012704;7.957793847582767
7354350552693656864;7.431374155127676
7350310562586283297;8.155730295829024
7343666836812123424;6.848627601446509
7332509276432289057;6.849839403218417
7325862287540096289;6.945373725856936
7324725007391804705;7.854483387694788
7309107806202842400;6.400725061422963
7306559173217488160;7.888528025056149
7261996739446590753;7.072662863754462
7260814503728696602;6.835777194086496
7254588789559938330;8.487945710990296
7606001119243881750;9.40178767278145
7604886753471761686;10.10772179744281
7601164093910715670;7.735735367986368
7587442936376233238;9.589623239217127
7578256886286322966;11.441351988702495
7566676756199951638;9.115676880228012
7560707094018542870;8.496672128679975
7545046455229205782;7.385849225411489
7529427220335496450;6.328956081027524
7516624091097337110;6.649718001765116
7504627479449963798;7.233582363294139
7494230009050139926;7.961903640389854
7491322585624349974;7.894820989892165
7486129539827928342;7.8611578163785145
7485773090555956503;7.750738497808905
7484928854029634838;8.625034597078145
7481596789448117526;8.287237953609552
7478735064881237270;7.709284329036122
7348766265927814432;7.5111532462786945
7346541062267079968;8.52549397467645
7343923844316548384;7.8944772416479125
7303884823578397984;6.672855179659238
7291237498506743072;6.5757015548841835
7263733416292617505;8.11758739819736
7256464845132827931;7.397439069821914
7219294434465238298;7.023077199704453
7217888414631283995;8.331170712814313
7215515219164990746;8.003137925491139
7212344637523283205;9.89060542283753
7211165738957163782;6.423026243723048
7207862806899592453;7.391336220203644
7206682386531110149;8.347903814326122
7206680972555750661;7.778409296318538
7040810874281479430;8.42186235288082
7039252769894616326;8.59008364963496
7039005707844308229;7.516199242265719
7038707297396198661;8.247915250696362
7036326405155638533;9.085020563060935
7033466696245497093;9.119730541996596
7026774067223055621;7.839685352232986
7022596866374192390;8.422670595177442
7007863408129215749;10.590103485709035
7004414493086240006;6.163125467035737
6821547365887905030;7.319748008714092
6814175723704683782;6.384569736522039
7584519298459176214;11.960429773779925
7579293926796922134;9.44631547982734
7540185950714875158;7.161350838687305
7533680078866238742;8.756920275876478
7529820615637847318;8.517770871121094
7517676181366295830;8.948025548890318
7490984274049469718;10.3531721273532
7490119511731965206;8.231526704645031
7481977420220779798;9.167828287700683
7479081271746989334;8.566829569960158
7478417820376812822;8.181494993632437
7475816575975623958;11.05476847407599
7471349532496842006;10.629283556610762
7471348371962334486;8.642605243456684
7470212560399109398;9.396496300825808
7468313844230704406;8.117309614453875
7438966885879696662;10.83050469142561
7418133778406657313;12.432199422305379
7415589341981986080;7.180678020455074
7415541670361500961;11.359770977524585
7414059508630031648;9.200818252584934
7413699830469397793;8.820897003367794
7413269884840267040;9.21413271765519
7412939421089090849;7.942829721592551
7410359060681297184;11.899895633987382
7400784701633416481;7.293474145339523
7379167807679761697;10.586857690260585
7353226118662589728;8.19359051559848
7344802060019256609;9.01158176512697
7326857703958105376;8.81264756574105
7324421973612825889;9.583877384804236
7315824288173493536;8.101819636734765
7296417264591441185;9.911302845644702
7296124478130572577;9.423617296181508
7296075013734616353;9.136035404068531
7295785443528920352;9.82380350246898
7294200756586958113;8.46752277997595
7288261263757446433;11.462163665782988
7278716528839626016;9.583982281734652
7255981234374069530;7.334357169382103
7246825881904139546;9.688107976116228
7238904736253054234;8.369597205932864
7219646733901450502;9.620923899784831
7214862934139260166;8.747483313344249
7214113271018753285;8.319424079009362
7213795540574735621;10.316152082162807
7210834532591963398;10.634436147832025
7208933349933452550;8.669324582932106
7208551637869268230;10.523261411812209
7203684040606633222;8.81638078851049
7183332234605268250;9.965736609342379
7175881254233967878;7.292950144749417
7171408287785782533;9.39090471606189
7168426884852747526;7.605437715210376
7158057918431120645;10.44565887567163
7146624079615790341;11.713792254572667
7123931386964184326;7.033834997722007
7120944943270530309;8.836496042552385
7116158724288400645;9.892963445961628
7081711774084484358;8.544234110587068
7079095510904229126;8.28010730037152
7073916316566031622;9.449942271099363
7065372841423801605;7.836852336815013
7064507087086161157;7.988798749800848
7060539961459641605;7.816476019470327
7050043192732912901;8.08966876566318
7042694987141745926;7.451315966597021
7012661937477537030;9.031066593841818
6994839726846971142;5.750987164236315
6979673025503366405;5.89194020462967
6963263758630194437;6.618036948287939
6958424996964355334;5.671821262648321
6922868220890254597;8.322103948751035
6899015791086210306;7.769500974851336
6896055761982639362;7.077557451309405
6895747396404284674;7.112739768050198
6895292772857826562;7.4697510343681826
6887883845954178305;9.918775784771334
6883876793380572417;6.268891842714018
6883389583271185666;6.64696377111315
6876369843591941377;6.1216704703288345
6869621825035357441;5.978653702789431
6864806467329903878;5.746569756632216
6834056379355991301;6.844866762943277
6798648871401819398;6.471206359662546
6798641094109269253;7.165204502730602
7551820830615899414;8.257472736694458
7330293520395275553;8.860181592173523
7323224822169750816;6.762288770167801
7309113734360780064;7.365707715231403
7307663369090207009;10.556937980975455
7306870694137187616;10.567079442186854
7306460792310877472;8.005782417297855
7305781724238105889;7.113713624988973
7299777182828645664;7.98935781907437
7297256040544931105;9.62620389297211
7279078872455384352;6.6625308098783815
7272402191233584417;8.397332300831327
7265677943228075296;7.2119063356840964
7265242959048723745;8.16451999815414
7264519435086466336;6.74493923736856
7262363967157226785;7.184977416806215
7261965250864467232;5.654348672405364
7260420548553887002;8.055968300360577
7225641498249891099;5.905172956474015
7225245362678762779;7.92272658627212
7224177146263063835;6.967400547408367
7221550036172213509;5.450292840883789
7214886818368490758;8.561932555613797
7213794863630912773;8.538060053935464
7210067304095173893;8.142488355029535
7209259784263060742;7.698727882424585
7208590550348434694;7.265932731653962
7204870147855748357;14.180587440123164
7200418269629582597;5.515943515051515
7197448084119506182;7.670935425140318
7197086542479854854;7.929174298293753
7195607365813636357;9.79168547515793
7193751547749223685;8.836701113238057
7192254185969044742;6.918949145364768
7191515883330669830;9.184846379813001
7189927984172666118;6.523016940236325
7185200340310969605;7.27067170536215
7184831364422814981;6.266685054285796
7184457014217657606;7.976862259381664
7174022295978003717;6.576863945749937
7161523791154236677;5.304085482742931
7130169267454070021;5.67288096810596
7125392158063955205;6.645875050487884
7113472331917298949;8.013310168112405
7078216427131473157;7.113075248787994
7070486062182731013;7.720286400243417
7050156581652106502;6.765553010447459
6927547229486058757;7.819863946057458
6913929490305420545;7.081816160646498
6896455617523813633;8.10416488839342
6894530886105042178;7.17570149605082
6886076315288554754;9.410783371681093
6885984385670122753;9.946753697510504
6885735124013550850;9.09474253733954
6880792115329142018;8.268582778526936
6880117942432959746;7.228452567275926
6875699019520298242;7.514350297134038
6875610422578351362;5.475382249900873
6860766213992090886;7.421083356531847
6834420537545084166;7.758217013019523
6825975879940820230;5.432518752633315
6750983141873224966;6.012376466879433
6739804771013774597;9.325108376779479
7606360801234013462;7.172636831085912
7603412461068291350;7.910864209505785
7602968538319539478;9.251708593500881
7594911702613773590;8.551517120471482
7593727684606168342;12.819346082758997
7593661214027156758;9.087591806828724
7593403675297467651;8.555912760744736
7592281951206133014;10.30779907228636
7592263862284586263;9.184809357268788
7590184087122660630;10.14259520711581
7587134900852100374;9.735472344869285
7587070120556580118;7.827875040845921
7584105481719844118;10.874158902175727
7583420207629225238;9.572880302723501
7581507576219618582;9.377267780039332
7580065942730738966;14.134518601954612
7579287270092459286;8.604164475755105
7577374333048196374;13.235934212164258
7577096797580053782;12.098750727120782
7577088828171734294;9.778479094884393
7575170897451945238;13.813856890400329
7575105754374458646;10.390267844101
7574759080368114966;12.52470012797712
7572605667299708182;10.158898940741715
7571893908754451734;11.020090310954174
7571134268403895574;9.112027872655903
7566941841996647702;11.003642328959693
7566313596351778070;12.50990323340502
7565953021411216662;9.615545995999257
7564069366606679318;10.578818590675903
7494193739187916054;12.195306564868636
7493955664008498454;10.817295661716361
7493248933460741378;7.941057640715352
7485818484723567894;7.905800831833542
7484305196332436758;9.326525088144226
7483220883759303959;9.879928963023689
7482898265906646294;8.787906922931443
7480938335133863190;8.481882500847858
7480244111207976214;9.56948902704129
7476157177149803798;8.523263098434615
7463500754318347542;8.804772981254496
7459503727737687318;9.874501419978039
7458336545490193686;9.35729031081449
7451599218545970454;9.245051135452226
7429021024517229857;9.100910060365296
7421927684965502240;10.468224374791758
7421838132624002336;12.234939748269474
7418230327207939360;10.948468534524721
7348413567797841185;10.085674335437913
7345515480288922912;9.135844109195503
7345144791094660384;9.955356515526862
7342536344561896737;9.357655794434113
7340684346040290593;12.627065009566575
7338070752501026081;8.32214369978114
7329560864518901024;12.803775238037886
7327333280297127201;10.186216909300258
7324741085438397729;12.362359528079585
7319902152686718241;11.757616647958953
7312851563037330721;11.524785821813184
7302473271067397409;7.503178560312263
7301350531325365537;8.367008599443942
7298393830204640545;10.43584709731237
7296889866002910497;11.805048936350087
7296154996683410720;11.57126205490069
7294659855434911008;9.38226397113534
7294284376454532384;9.71180632897043
7293541624359996704;12.390160620209377
7293173989143366945;8.38718026092957
7291678102948810016;10.10875108982304
7290947930108857633;12.458744822100538
7287983702959869217;14.407981177201865
7286863155026808096;10.724452059346076
7278768931857354016;11.35754798912793
7264884699636469025;10.006084373499446
7262465807949647136;8.618498596577103
7239729661788359962;9.00298414199896
7228976565445512475;7.494404533527696
7221177538855423258;10.896925151056562
7216365794093976838;10.87294330292607
7215252214514715909;8.981214204336373
7210817231368785158;10.815379396603136
7210074063765638406;9.92737166548634
7208952610336820485;9.60211006827537
7207842110316268805;10.091071177776541
7204874673367125254;10.600030966134343
7204395621468392709;8.900370695728435
7203763760538897669;9.965960008916722
7203019203857665286;11.456733309151158
7202277032938540294;9.414856167708457
7199677935949778181;10.042200294760422
7198558888940113158;8.600699229802027
7198194674354457861;8.941608079455658
7197080264625966341;8.869799926740175
7194859372227480838;11.237275887867284
7192617192850984198;10.320223227542556
7190456972418862342;10.374127282369496
7188189006851575046;12.426854769275373
7187436390131453190;13.509690503919677
7184459390143974662;12.71159568961833
7183477138249485594;13.111817328440651
7182978974253944069;11.737196662170257
7177417414542429445;12.419037534475343
7173695147639655686;13.931901336076725
7172507378498260229;12.833346571073696
7170730138965970181;10.73603899878686
7168935772777614597;9.597374229769686
7165165100075093253;10.924894115816345
7162123924233358598;10.937499065769975
7150676745937587462;11.729352861700676
7145110811000835333;9.488109188015423
7142874586755976454;10.65205258152667
7141029212244233478;12.675638847505612
7125076892729756933;8.813128621436634
7122480993948159238;9.24657967775676
7095777172513721605;9.69963918153322
7094187420819803398;8.854728539133678
7093581650163944709;9.5748248917878
7090931568486763781;8.993051702688085
7083155569812589829;8.776608486952181
7082286078417259782;9.521292618035375
7078325137698770181;10.194051881982254
7076526059344104709;12.950591069756875
7075734573933530373;9.404299143851219
7073511726888635653;10.945609571872309
7073146702995279110;9.150840655022181
7069799098576112901;8.730178451370485
7068682786437139718;11.75670761600961
7068298283386506502;9.354295686768559
7065713702833638662;11.716429724223612
7063127157068844294;12.092871067334407
7062740749992971526;10.249702600698509
7061974363939261701;9.372251054339017
7059302103713402117;10.165584846229736
7058313871718714629;9.705426867466045
7057548200625917190;11.703805325313384
7057200753470950661;10.353851895607779
7055610539749199109;10.38731384051941
7054582233989958917;9.73262488639999
7054222416247000325;9.623168757180729
7051571825989422342;10.79241579505938
7046370407758286085;11.609756563409514
7043834307458141446;9.071216873586845
7043009038623329541;9.771110614741092
7042347189179403525;8.613651166697325
7041969079246245126;10.076241043567421
7041603482742230278;8.689314942154386
7040105390410960133;10.330809708512032
7039780337739730181;9.283475908046887
7038638363686997254;10.565181363176539
7037974894553894150;8.836686141693963
7037757089799818502;8.621737084192246
7037532518978964741;9.101756557928729
7036807584111709445;10.813177532725573
7028978217117682949;12.155292424379002
7026756047805205766;8.021093139085638
7025927416061250821;8.615333054397468
7020800251950927109;8.485436113724894
7018826174767942918;7.970655876838769
7018383080205356293;7.7131323313984135
7001054542804667653;8.519954804420806
6943540424141491461;8.009514041046778
6935817751898426629;8.113330845388278
6927665892457237765;8.981059495152993
6796364077095472389;7.9528258347413265
6796363351816555782;10.336086194215769
6795606002222796037;10.24411899167145
6794470373212589317;8.610811856950182
6793765694619143430;9.047651253497676
6793347939294072069;7.896046865625063
6792133610360065285;9.013569484895019
6792131260543225094;10.001065466924958
7597437745258073400;11.50702827428433
7595900789546044684;9.216135006232353
7593820955810598156;9.592388278146764
7593673061476420920;9.32374341835774
7586689516153343288;8.771374700002902
7584927758497697035;8.852613858188072
7580037763580415244;9.202814773833266
7578641094464867595;9.758590802248184
7577087400501857592;9.094637733819242
7575902535349816588;8.894173150617261
7570044496004533516;7.817638138199741
7569526874024512780;10.837691487409122
7565955844764863755;8.921124168811094
7559134249731853579;8.01185409036484
7553173878785297720;10.266897764040017
7545528304237841720;8.085315801719375
7537787296209259782;7.62180240898947
7527665793501318456;8.84024535422142
7524995526518000901;7.286715225784437
7520150754858896645;8.278338873879733
7517644986310020408;8.589528229426957
7488241037907905797;9.542467818991524
7479794065983147269;11.035597353720739
7470863926922579205;11.13319191515102
7463089844516965637;7.520109433206181
7461940902890605829;8.637077589205568
7426721230721453318;8.174594683412296
7415576931577433349;7.566469233627655
7349173304613162246;7.773013432377589
7348384350297165061;7.360717134101593
7346623546229099781;6.123027460525253
7345477638619778309;7.680035682486744
7341020687345192197;8.122193496226034
7333701921573850374;7.438224650828792
7332928025517903109;6.894188490475704
7329985883539541253;7.203515708367032
7329596850804100358;7.191240258425635
7328066217929985286;8.725410050605113
7325861199604665606;7.696062892471302
7323237610665544966;9.071886230557846
7320606856995523846;8.516814506154704
7319511492888366342;7.054007680196638
7267229404584037638;7.483944818349673
7221953102184779013;8.08105952121876
7217463144069844230;6.770319029051085
7214396955810680069;9.411479365553271
7207818125402852613;8.599215147931796
7201892299112992005;8.430029766892446
7199338065867934982;6.8808263983710685
7198947136300403974;7.194967590441004
7197470706416815365;8.774877640277545
7189955800851320070;10.717994552601203
7189175939098561798;7.861618113543128
7187448552354794758;8.815260150888315
7185872343988702470;7.34326888649172
7184475894335950085;10.540921423256277
7182983364293430533;7.4879501691885
7179319229924084997;9.407458024772597
7176635190469512453;7.024996541159979
7175864609029491974;6.362938292348198
7174823379453644037;7.418109908345713
7087984641864502534;8.433633106938132
7087653844863208709;7.424163898303825
7087592356664315141;7.549253556504879
7086527236471311622;6.901294372394517
7086144769222511877;7.269055883872383
7086111451965869317;8.274483677856932
7085748815449312517;7.390374622610144
7085404371671846150;5.976401860900171
7085367737178000646;7.419927533436795
7084552539126926597;9.080122002814518
7083526112558517510;9.188470743555364
7083159832185933061;7.377892615856628
7082386924677205253;7.098642207523399
7082037036730813701;7.2005276648165815
7081701013891157253;6.220352791971123
7081323710442917125;8.218337909911368
7081276473687985413;7.8895234124911315
7080583186522098949;7.309253142475319
7080535307816291589;7.271965738384088
7079836018203020549;7.735861521645229
7079418950315969798;7.553996485143723
7079071645771500806;7.412939404232107
7078352231413697797;8.088948765530265
7077597321667546373;7.643529772463244
7076502785742720261;8.09602883213983
7076131060420988165;6.790901244873937
7074644027190103302;7.007269838549989
7073906588079246598;8.54347093216658
7073547434244328709;7.853502179016325
7073513732395044102;6.921542691143701
7072780188018380038;7.68952957224889
7072060893818899717;6.907061721839484
7071272326746230021;6.800276396752187
7070907935722917126;7.4666867962706664
7070569241413422342;7.295041989980492
7070218376328563973;8.080252943322598
7069844079122599173;7.577527405111179
7068731699701484806;10.447378800862774
7067985901011373317;8.52015046972092
7067623396279930117;7.827607764608023
7066474035613388037;6.724765242300958
7065769954695564550;8.564203072103176
7064650116321250566;7.2344920170850875
7064585014561754373;7.301687751533507
7064244808700726533;7.748593077638658
7063505399307144454;8.320038593545565
7062046390570061061;8.58941455121242
7061663961090936070;8.571939971277557
7061273234259610885;7.42449221632353
7060513660975844614;7.135216828272999
7060191695681375493;7.09118155378327
7059832468412583173;7.317897160858909
7059747853035441414;8.083552133796786
7059442492080491781;7.6828843694966125
7059081815985818886;7.66549685875056
7058348964306783493;9.755042890850309
7057221943623306501;8.415974617098312
7056858947935915270;9.154797034552637
7056423267564899590;8.359084963330751
7054964457310539013;8.65398620159679
7054255399968476422;8.161399595242754
7053886455805955333;8.374953794978804
7053136217717607686;9.374144204426756
7041160388334980357;7.956908829135403
7038692809985051909;8.059324009009385
6980696986135710981;7.12012651159074
6946128715000663301;6.886712185241606
6945377653587266822;5.956486232790368
6934012329067597061;7.587804881967802
6926459852134845701;7.674146600311199
6921676134212029701;7.897722269598858
6918691694791691525;6.789422395434382
6897900291631402242;7.420322799115963
6895288761354112258;8.660263193461782
6876847536938749185;7.9575294085530945
7598953535165959426;6.898881717597617
7598574537407548694;7.02868797181467
7597422827196763414;8.862694596688883
7596412614402460950;7.576137960254652
7594160012247797014;8.371494870196557
7593664206210157827;9.087524608186
7591891163175554326;9.60809537135233
7587478416618736918;8.25271871911324
7586630099286510870;9.813499788547817
7580000663845850390;8.058662712762496
7578151818585328918;7.963976877081493
7576319921030827286;9.049020009065384
7575110522522144022;8.598037867326301
7570012092829748502;9.81679462062394
7566632651352853782;7.195435098148771
7553223847730777346;11.973788974403167
7523154104273915158;6.917551067214109
7520582757412556054;7.771677133184777
7495368561821535510;7.007242016816746
7493891893026180374;8.286163682889422
7491632736105450774;6.099045500883703
7486822725684792599;7.139924237685329
7483098002547100950;6.524001127504107
7481624954484690198;6.867626647297834
7477935287646063894;6.732367935660182
7473224176086584598;7.313208529782816
7471566242168491286;6.7859699308913255
7471289820795374870;9.879206491678605
7470495287212084503;7.431418911662567
7469067273794456854;7.678360346774382
7466514918137728278;7.045032812986076
7466106459403701526;7.3512565276131685
7465714414814137623;7.396549165238505
7453069595327384865;7.09179997051403
7447538385993895201;8.483240885894705
7447184186034654496;9.285249250036022
7446341554735828256;9.330618299812524
7399975638112783649;7.643822067384251
7390334004001639713;6.579080925483676
7372132003078032672;3.8569509211149042
7351073088601148704;7.340255365578027
7343970143497653537;6.354874186294081
7341738165746634017;7.752122994294487
7340356860299496736;8.604055922267362
7333562774750088480;7.65018067720646
7327710709201014049;7.72203464919538
7323667240933444896;6.986075282409896
7321012358594235681;7.976839640325922
7319919643378912544;7.295330780084877
7318832237842156832;5.339276899412603
7315822267781467424;6.7152295699253814
7309133635578236192;8.281996866726764
7307971449870994720;8.289112996060172
7303968237966904609;8.907155925879069
7297205575501270304;8.0258048087659
7291228337123511585;7.116739474516829
7286830586478578976;6.013966022222803
7283105183352016160;5.551768196033681
7274897399045246241;6.98556824350124
7267879991004761376;7.552615842674078
7261958198775532832;5.729468008305665
